mutant,score,esm_if1_gvp4_t16_142M_UR50,esm_if1_gvp4_t16_142M_UR50
D1994E,-1.0,-13.408580780029297,-13.408580780029297
D1994V,-1.0,-13.410390853881836,-13.410390853881836
D1994T,-1.0,-13.411306381225586,-13.411306381225586
D1994S,-0.984784139,-13.40633773803711,-13.40633773803711
D1994R,-1.0,-13.413308143615723,-13.413308143615723
D1994Q,-1.0,-13.40990161895752,-13.40990161895752
D1994P,-1.0,-13.411978721618652,-13.411978721618652
D1994W,-1.0,-13.411123275756836,-13.411123275756836
D1994N,-0.907379585,-13.410991668701172,-13.410991668701172
D1994L,-1.0,-13.40742301940918,-13.40742301940918
D1994K,-1.0,-13.410688400268555,-13.410688400268555
D1994I,-1.0,-13.412900924682617,-13.412900924682617
D1994H,-1.0,-13.409933090209961,-13.409933090209961
D1994G,-1.0,-13.41441535949707,-13.41441535949707
D1994F,-1.0,-13.409727096557617,-13.409727096557617
D1994M,-1.0,-13.405096054077148,-13.405096054077148
D1994Y,-1.0,-13.410611152648926,-13.410611152648926
D1994C,-1.0,-13.412151336669922,-13.412151336669922
F1995D,-1.0,-13.410340309143066,-13.410340309143066
F1995Y,-0.81424731,-13.414721488952637,-13.414721488952637
F1995W,-0.348261251,-13.405823707580566,-13.405823707580566
F1995V,-0.911686334,-13.411629676818848,-13.411629676818848
F1995T,-0.925268038,-13.408543586730957,-13.408543586730957
F1995S,-0.962633998,-13.409433364868164,-13.409433364868164
F1995R,-1.0,-13.41091251373291,-13.41091251373291
F1995Q,-1.0,-13.408003807067871,-13.408003807067871
F1995P,-1.0,-13.411218643188477,-13.411218643188477
F1995N,-1.0,-13.412096977233887,-13.412096977233887
F1995M,-0.810422596,-13.407297134399414,-13.407297134399414
F1995K,-1.0,-13.412426948547363,-13.412426948547363
F1995I,-0.9020223,-13.410130500793457,-13.410130500793457
F1995H,-1.0,-13.411959648132324,-13.411959648132324
F1995G,-0.968419374,-13.410344123840332,-13.410344123840332
F1995E,-1.0,-13.413199424743652,-13.413199424743652
F1995A,-0.929302556,-13.410028457641602,-13.410028457641602
F1995C,-0.953761446,-13.412038803100586,-13.412038803100586
F1995L,-0.705816853,-13.412148475646973,-13.412148475646973
K1996T,-0.806776638,-13.410332679748535,-13.410332679748535
K1996N,-1.0,-13.413143157958984,-13.413143157958984
K1996M,-0.7507197390000001,-13.412994384765625,-13.412994384765625
K1996L,-0.7667308509999999,-13.41073226928711,-13.41073226928711
K1996I,-0.7223614070000001,-13.410479545593262,-13.410479545593262
K1996H,-1.0,-13.40977668762207,-13.40977668762207
K1996G,-0.669199451,-13.408154487609863,-13.408154487609863
K1996F,-0.747670132,-13.409065246582031,-13.409065246582031
K1996E,-1.0,-13.407818794250488,-13.407818794250488
K1996D,-1.0,-13.412247657775879,-13.412247657775879
K1996C,-0.8012216109999999,-13.410871505737305,-13.410871505737305
K1996A,-0.745980214,-13.412501335144043,-13.412501335144043
K1996R,-0.22724334,-13.408251762390137,-13.408251762390137
K1996P,-1.0,-13.412084579467773,-13.412084579467773
K1996Q,-0.937621396,-13.40926742553711,-13.40926742553711
K1996S,-0.777082305,-13.410825729370117,-13.410825729370117
K1996V,-0.78475365,-13.410149574279785,-13.410149574279785
K1996W,-0.720471627,-13.409152030944824,-13.409152030944824
K1996Y,-0.464169105,-13.409557342529297,-13.409557342529297
N1997F,-0.344024597,-13.414268493652344,-13.414268493652344
N1997Y,-0.519282754,-13.412749290466309,-13.412749290466309
N1997W,0.039676085,-13.407210350036621,-13.407210350036621
N1997M,-0.000468605,-13.41112232208252,-13.41112232208252
N1997P,-1.0,-13.410815238952637,-13.410815238952637
N1997T,-0.010003151,-13.412858009338379,-13.412858009338379
N1997S,0.0673051279999999,-13.411340713500977,-13.411340713500977
N1997R,-0.941320723,-13.410791397094727,-13.410791397094727
N1997Q,0.168026216,-13.410225868225098,-13.410225868225098
N1997I,-0.346411427,-13.410700798034668,-13.410700798034668
N1997K,-0.934737473,-13.41161823272705,-13.41161823272705
N1997V,-0.534045895,-13.40977668762207,-13.40977668762207
N1997L,-0.1141348,-13.410625457763672,-13.410625457763672
N1997G,0.130787894,-13.408568382263184,-13.408568382263184
N1997H,-0.23580424,-13.412280082702637,-13.412280082702637
N1997D,-0.655736037,-13.409876823425293,-13.409876823425293
N1997C,0.102700472,-13.411262512207031,-13.411262512207031
N1997A,0.247817899,-13.412747383117676,-13.412747383117676
N1997E,-0.569042102,-13.411491394042969,-13.411491394042969
W1998T,-1.0,-13.40959358215332,-13.40959358215332
W1998S,-0.976580659,-13.40976333618164,-13.40976333618164
W1998R,-0.979709691,-13.410487174987793,-13.410487174987793
W1998Q,-1.0,-13.41058349609375,-13.41058349609375
W1998P,-1.0,-13.410924911499023,-13.410924911499023
W1998N,-1.0,-13.412481307983398,-13.412481307983398
W1998K,-1.0,-13.410284042358398,-13.410284042358398
W1998L,-0.8410460190000001,-13.410394668579102,-13.410394668579102
W1998I,-0.912867808,-13.405677795410156,-13.405677795410156
W1998H,-1.0,-13.413691520690918,-13.413691520690918
W1998F,-0.421621864,-13.411277770996094,-13.411277770996094
W1998E,-1.0,-13.408437728881836,-13.408437728881836
W1998D,-1.0,-13.408770561218262,-13.408770561218262
W1998M,-0.790974018,-13.413385391235352,-13.413385391235352
W1998G,-0.980303203,-13.413052558898926,-13.413052558898926
W1998A,-0.8599125440000001,-13.410770416259766,-13.410770416259766
W1998V,-0.955048105,-13.41169261932373,-13.41169261932373
W1998C,-0.913273702,-13.407057762145996,-13.407057762145996
W1998Y,-0.581636892,-13.41029167175293,-13.41029167175293
L1999D,-1.0,-13.410224914550781,-13.410224914550781
L1999V,-0.373221958,-13.410273551940918,-13.410273551940918
L1999T,-0.756949057,-13.408610343933105,-13.408610343933105
L1999S,-0.980682551,-13.413408279418945,-13.413408279418945
L1999R,-1.0,-13.415000915527344,-13.415000915527344
L1999Q,-1.0,-13.406203269958496,-13.406203269958496
L1999P,-1.0,-13.410289764404297,-13.410289764404297
L1999C,-0.588664054,-13.413865089416504,-13.413865089416504
L1999N,-1.0,-13.408341407775879,-13.408341407775879
L1999A,-0.617142497,-13.410550117492676,-13.410550117492676
L1999I,-0.163553085,-13.409381866455078,-13.409381866455078
L1999H,-1.0,-13.407571792602539,-13.407571792602539
L1999G,-0.933983035,-13.409078598022461,-13.409078598022461
L1999F,-0.8283184290000001,-13.412225723266602,-13.412225723266602
L1999E,-1.0,-13.407649993896484,-13.407649993896484
L1999M,-0.216417452,-13.405827522277832,-13.405827522277832
L1999K,-1.0,-13.409552574157715,-13.409552574157715
L1999Y,-1.0,-13.408432960510254,-13.408432960510254
L1999W,-0.873517798,-13.411718368530273,-13.411718368530273
T2000W,-0.316952674,-13.411412239074707,-13.411412239074707
T2000V,-0.359219343,-13.409204483032227,-13.409204483032227
T2000S,-0.107830087,-13.407296180725098,-13.407296180725098
T2000R,-0.70330794,-13.411798477172852,-13.411798477172852
T2000Q,-0.5523382139999999,-13.411284446716309,-13.411284446716309
T2000N,-1.0,-13.410327911376953,-13.410327911376953
T2000M,-0.291239152,-13.408892631530762,-13.408892631530762
T2000L,-0.456437727,-13.40696907043457,-13.40696907043457
T2000Y,-0.359229061,-13.413091659545898,-13.413091659545898
T2000I,-0.404723379,-13.408178329467773,-13.408178329467773
T2000K,-0.549722197,-13.408447265625,-13.408447265625
T2000C,-0.268836401,-13.409796714782715,-13.409796714782715
T2000D,-1.0,-13.412094116210938,-13.412094116210938
T2000E,-1.0,-13.409245491027832,-13.409245491027832
T2000A,0.062657595,-13.412981986999512,-13.412981986999512
T2000G,0.164418202,-13.40881061553955,-13.40881061553955
T2000H,-0.798536928,-13.408382415771484,-13.408382415771484
T2000F,0.110379728,-13.408418655395508,-13.408418655395508
T2000P,-0.933080364,-13.409062385559082,-13.409062385559082
S2001M,-0.494388871,-13.408143043518066,-13.408143043518066
S2001D,-1.0,-13.410272598266602,-13.410272598266602
S2001E,-1.0,-13.410747528076172,-13.410747528076172
S2001F,-0.6781491359999999,-13.41212272644043,-13.41212272644043
S2001G,0.294902171,-13.411185264587402,-13.411185264587402
S2001H,-0.890821216,-13.41249942779541,-13.41249942779541
S2001I,-0.8394383959999999,-13.411267280578613,-13.411267280578613
S2001L,-0.985224421,-13.409090995788574,-13.409090995788574
S2001K,-1.0,-13.409213066101074,-13.409213066101074
S2001P,-0.936194255,-13.407161712646484,-13.407161712646484
S2001Q,-1.0,-13.411999702453613,-13.411999702453613
S2001R,-0.86719845,-13.409969329833984,-13.409969329833984
S2001T,-0.567162817,-13.408377647399902,-13.408377647399902
S2001V,-0.425222984,-13.404444694519043,-13.404444694519043
S2001W,-0.896921431,-13.410974502563477,-13.410974502563477
S2001Y,-0.628627442,-13.411574363708496,-13.411574363708496
S2001C,-0.637739342,-13.407341957092285,-13.407341957092285
S2001N,-1.0,-13.405863761901855,-13.405863761901855
S2001A,0.193340981,-13.411375045776367,-13.411375045776367
K2002V,-0.741079948,-13.409387588500977,-13.409387588500977
K2002W,-1.0,-13.411202430725098,-13.411202430725098
K2002C,-0.405090952,-13.413591384887695,-13.413591384887695
K2002A,-0.732721727,-13.41037654876709,-13.41037654876709
K2002Y,-0.926807825,-13.41397762298584,-13.41397762298584
K2002T,-1.0,-13.411027908325195,-13.411027908325195
K2002S,-0.930662409,-13.411081314086914,-13.411081314086914
K2002R,-0.8918529209999999,-13.40974235534668,-13.40974235534668
K2002P,-1.0,-13.408164024353027,-13.408164024353027
K2002N,-1.0,-13.406357765197754,-13.406357765197754
K2002M,-0.767064339,-13.408317565917969,-13.408317565917969
K2002Q,-0.923115859,-13.407355308532715,-13.407355308532715
K2002I,-0.67876532,-13.409770965576172,-13.409770965576172
K2002H,-1.0,-13.411020278930664,-13.411020278930664
K2002G,-1.0,-13.408411026000977,-13.408411026000977
K2002F,-0.842095347,-13.415487289428711,-13.415487289428711
K2002E,-1.0,-13.409843444824219,-13.409843444824219
K2002D,-1.0,-13.410500526428223,-13.410500526428223
K2002L,-0.584254882,-13.409289360046387,-13.409289360046387
L2003K,-1.0,-13.40994644165039,-13.40994644165039
L2003D,-1.0,-13.408650398254395,-13.408650398254395
L2003E,-1.0,-13.408166885375977,-13.408166885375977
L2003F,-0.437094334,-13.412269592285156,-13.412269592285156
L2003G,-1.0,-13.411303520202637,-13.411303520202637
L2003H,-1.0,-13.409395217895508,-13.409395217895508
L2003I,-0.4399274420000001,-13.41212272644043,-13.41212272644043
L2003M,-0.408924453,-13.413866996765137,-13.413866996765137
L2003W,-1.0,-13.41136646270752,-13.41136646270752
L2003P,-1.0,-13.416341781616211,-13.416341781616211
L2003Q,-1.0,-13.409534454345703,-13.409534454345703
L2003R,-1.0,-13.408296585083008,-13.408296585083008
L2003S,-1.0,-13.415458679199219,-13.415458679199219
L2003T,-1.0,-13.410579681396484,-13.410579681396484
L2003V,-0.5570316160000001,-13.410696029663086,-13.410696029663086
L2003A,-0.671428782,-13.40972900390625,-13.40972900390625
L2003Y,-1.0,-13.409611701965332,-13.409611701965332
L2003N,-1.0,-13.41002368927002,-13.41002368927002
L2003C,-0.263811147,-13.40870475769043,-13.40870475769043
F2004Q,-1.0,-13.40918254852295,-13.40918254852295
F2004W,-1.0,-13.410670280456543,-13.410670280456543
F2004A,-0.541674336,-13.40951919555664,-13.40951919555664
F2004D,-1.0,-13.413838386535645,-13.413838386535645
F2004E,-1.0,-13.411677360534668,-13.411677360534668
F2004G,-0.865542068,-13.412834167480469,-13.412834167480469
F2004H,-1.0,-13.41193962097168,-13.41193962097168
F2004I,0.428795727,-13.41018295288086,-13.41018295288086
F2004K,-0.927689287,-13.409181594848633,-13.409181594848633
F2004L,0.052707542,-13.410965919494629,-13.410965919494629
F2004M,0.217037171,-13.410322189331055,-13.410322189331055
F2004N,-1.0,-13.41063404083252,-13.41063404083252
F2004P,-1.0,-13.412317276000977,-13.412317276000977
F2004R,-0.965092149,-13.409917831420898,-13.409917831420898
F2004S,-0.6595514889999999,-13.405882835388184,-13.405882835388184
F2004T,-0.195001034,-13.408950805664062,-13.408950805664062
F2004V,0.5047597420000001,-13.410512924194336,-13.410512924194336
F2004Y,-0.370836483,-13.404353141784668,-13.404353141784668
F2004C,0.39569774,-13.405997276306152,-13.405997276306152
P2005A,-1.0,-13.411537170410156,-13.411537170410156
P2005V,-1.0,-13.41008186340332,-13.41008186340332
P2005W,-1.0,-13.413565635681152,-13.413565635681152
P2005T,-1.0,-13.408483505249023,-13.408483505249023
P2005S,-1.0,-13.411420822143555,-13.411420822143555
P2005R,-1.0,-13.411151885986328,-13.411151885986328
P2005Q,-1.0,-13.40898323059082,-13.40898323059082
P2005N,-1.0,-13.408941268920898,-13.408941268920898
P2005Y,-1.0,-13.408951759338379,-13.408951759338379
P2005M,-1.0,-13.41014289855957,-13.41014289855957
P2005K,-1.0,-13.410219192504883,-13.410219192504883
P2005I,-1.0,-13.412639617919922,-13.412639617919922
P2005H,-1.0,-13.412640571594238,-13.412640571594238
P2005G,-0.958318785,-13.4094877243042,-13.4094877243042
P2005F,-0.975546275,-13.409191131591797,-13.409191131591797
P2005E,-0.808644349,-13.408591270446777,-13.408591270446777
P2005D,-1.0,-13.413518905639648,-13.413518905639648
P2005L,-1.0,-13.410152435302734,-13.410152435302734
P2005C,-1.0,-13.410075187683105,-13.410075187683105
K2006Y,-0.097881896,-13.408843994140625,-13.408843994140625
K2006W,-0.803336893,-13.408135414123535,-13.408135414123535
K2006Q,-0.66181135,-13.4114351272583,-13.4114351272583
K2006S,-0.337486939,-13.408568382263184,-13.408568382263184
K2006R,-0.028943381,-13.411460876464844,-13.411460876464844
K2006P,-1.0,-13.410443305969238,-13.410443305969238
K2006N,-0.296145763,-13.410282135009766,-13.410282135009766
K2006M,-0.349105086,-13.412555694580078,-13.412555694580078
K2006L,-0.566303781,-13.412617683410645,-13.412617683410645
K2006I,-0.571600998,-13.41540813446045,-13.41540813446045
K2006H,0.308770995,-13.41229248046875,-13.41229248046875
K2006G,-0.216361605,-13.411676406860352,-13.411676406860352
K2006F,-0.81208735,-13.407829284667969,-13.407829284667969
K2006E,-0.861714353,-13.40847396850586,-13.40847396850586
K2006D,-0.964729487,-13.41041088104248,-13.41041088104248
K2006C,0.381253139,-13.408650398254395,-13.408650398254395
K2006A,-0.425675735,-13.411942481994629,-13.411942481994629
K2006T,-0.512415391,-13.410030364990234,-13.410030364990234
K2006V,-0.309802696,-13.41176986694336,-13.41176986694336
L2007F,-0.633409722,-13.413825988769531,-13.413825988769531
L2007Y,-1.0,-13.408859252929688,-13.408859252929688
L2007W,-1.0,-13.412332534790039,-13.412332534790039
L2007A,-1.0,-13.410898208618164,-13.410898208618164
L2007V,-0.5962485160000001,-13.410412788391113,-13.410412788391113
L2007T,-1.0,-13.409679412841797,-13.409679412841797
L2007S,-1.0,-13.405652046203613,-13.405652046203613
L2007R,-1.0,-13.411075592041016,-13.411075592041016
L2007E,-1.0,-13.410171508789062,-13.410171508789062
L2007Q,-1.0,-13.408676147460938,-13.408676147460938
L2007N,-1.0,-13.409483909606934,-13.409483909606934
L2007M,-0.156342149,-13.410711288452148,-13.410711288452148
L2007K,-1.0,-13.408668518066406,-13.408668518066406
L2007I,0.132450011,-13.412276268005371,-13.412276268005371
L2007H,-1.0,-13.410432815551758,-13.410432815551758
L2007G,-1.0,-13.410276412963867,-13.410276412963867
L2007C,-1.0,-13.41285228729248,-13.41285228729248
L2007P,-1.0,-13.410582542419434,-13.410582542419434
L2007D,-1.0,-13.411792755126953,-13.411792755126953
P2008Y,-1.0,-13.411324501037598,-13.411324501037598
P2008A,-1.0,-13.408855438232422,-13.408855438232422
P2008W,-1.0,-13.407902717590332,-13.407902717590332
P2008V,-1.0,-13.41033935546875,-13.41033935546875
P2008T,-1.0,-13.412439346313477,-13.412439346313477
P2008S,-1.0,-13.408872604370117,-13.408872604370117
P2008Q,-1.0,-13.41142749786377,-13.41142749786377
P2008N,-1.0,-13.409069061279297,-13.409069061279297
P2008M,-1.0,-13.410526275634766,-13.410526275634766
P2008L,-1.0,-13.41025161743164,-13.41025161743164
P2008R,-1.0,-13.409932136535645,-13.409932136535645
P2008I,-1.0,-13.411614418029785,-13.411614418029785
P2008H,-1.0,-13.411417007446289,-13.411417007446289
P2008G,-1.0,-13.413147926330566,-13.413147926330566
P2008F,-1.0,-13.408614158630371,-13.408614158630371
P2008E,-1.0,-13.409832000732422,-13.409832000732422
P2008D,-1.0,-13.410688400268555,-13.410688400268555
P2008C,-1.0,-13.407745361328125,-13.407745361328125
P2008K,-1.0,-13.412534713745117,-13.412534713745117
G2009Q,-1.0,-13.405723571777344,-13.405723571777344
G2009R,-1.0,-13.411762237548828,-13.411762237548828
G2009S,-1.0,-13.409575462341309,-13.409575462341309
G2009Y,-1.0,-13.41038703918457,-13.41038703918457
G2009V,-1.0,-13.409039497375488,-13.409039497375488
G2009W,-0.9709459,-13.407341957092285,-13.407341957092285
G2009P,-1.0,-13.40673828125,-13.40673828125
G2009T,-1.0,-13.407429695129395,-13.407429695129395
G2009N,-1.0,-13.412999153137207,-13.412999153137207
G2009A,-0.978863029,-13.405717849731445,-13.405717849731445
G2009L,-0.8260434990000001,-13.408773422241211,-13.408773422241211
G2009C,-1.0,-13.410232543945312,-13.410232543945312
G2009D,-1.0,-13.407476425170898,-13.407476425170898
G2009E,-1.0,-13.413658142089844,-13.413658142089844
G2009M,-0.8449229429999999,-13.409003257751465,-13.409003257751465
G2009H,-1.0,-13.40907096862793,-13.40907096862793
G2009I,-1.0,-13.411624908447266,-13.411624908447266
G2009K,-1.0,-13.411450386047363,-13.411450386047363
G2009F,-0.955437262,-13.41297721862793,-13.41297721862793
L2010D,-1.0,-13.4095458984375,-13.4095458984375
L2010Y,-1.0,-13.410688400268555,-13.410688400268555
L2010F,-0.588243401,-13.412949562072754,-13.412949562072754
L2010G,-1.0,-13.40669059753418,-13.40669059753418
L2010I,0.184295699,-13.412957191467285,-13.412957191467285
L2010K,-1.0,-13.411664009094238,-13.411664009094238
L2010M,-0.425610214,-13.4100341796875,-13.4100341796875
L2010N,-1.0,-13.40994930267334,-13.40994930267334
L2010P,-1.0,-13.40696907043457,-13.40696907043457
L2010Q,-1.0,-13.409356117248535,-13.409356117248535
L2010R,-1.0,-13.411628723144531,-13.411628723144531
L2010S,-1.0,-13.411986351013184,-13.411986351013184
L2010T,-1.0,-13.416297912597656,-13.416297912597656
L2010V,0.360919929,-13.414448738098145,-13.414448738098145
L2010W,-1.0,-13.411623001098633,-13.411623001098633
L2010C,-0.200776598,-13.410408973693848,-13.410408973693848
L2010A,-0.6996729690000001,-13.409245491027832,-13.409245491027832
L2010H,-1.0,-13.408936500549316,-13.408936500549316
L2010E,-1.0,-13.412237167358398,-13.412237167358398
P2011A,-0.400235794,-13.410082817077637,-13.410082817077637
P2011C,-0.671726362,-13.410139083862305,-13.410139083862305
P2011E,-1.0,-13.409066200256348,-13.409066200256348
P2011F,-0.716432702,-13.40937328338623,-13.40937328338623
P2011G,-0.901178537,-13.40906810760498,-13.40906810760498
P2011H,-0.968145347,-13.407550811767578,-13.407550811767578
P2011I,-0.91328223,-13.408900260925293,-13.408900260925293
P2011K,-1.0,-13.410369873046875,-13.410369873046875
P2011L,-0.93505241,-13.411086082458496,-13.411086082458496
P2011D,-1.0,-13.409098625183105,-13.409098625183105
P2011N,-1.0,-13.411553382873535,-13.411553382873535
P2011Q,-1.0,-13.409562110900879,-13.409562110900879
P2011R,-1.0,-13.405920028686523,-13.405920028686523
P2011S,-0.762329465,-13.407355308532715,-13.407355308532715
P2011T,-1.0,-13.4097900390625,-13.4097900390625
P2011V,-0.953810738,-13.412310600280762,-13.412310600280762
P2011W,-0.423199681,-13.40792179107666,-13.40792179107666
P2011M,-0.7088301229999999,-13.411311149597168,-13.411311149597168
P2011Y,-0.5648831329999999,-13.413015365600586,-13.413015365600586
F2012P,-1.0,-13.407432556152344,-13.407432556152344
F2012Q,-1.0,-13.40658187866211,-13.40658187866211
F2012T,-1.0,-13.410964012145996,-13.410964012145996
F2012S,-1.0,-13.40727424621582,-13.40727424621582
F2012N,-1.0,-13.408385276794434,-13.408385276794434
F2012V,-0.096181975,-13.410843849182129,-13.410843849182129
F2012R,-1.0,-13.411715507507324,-13.411715507507324
F2012M,-0.154289287,-13.409392356872559,-13.409392356872559
F2012G,-0.951192488,-13.411515235900879,-13.411515235900879
F2012K,-1.0,-13.410615921020508,-13.410615921020508
F2012I,0.047548468,-13.41080379486084,-13.41080379486084
F2012H,-1.0,-13.408583641052246,-13.408583641052246
F2012E,-1.0,-13.40722370147705,-13.40722370147705
F2012D,-1.0,-13.409804344177246,-13.409804344177246
F2012C,-1.0,-13.407068252563477,-13.407068252563477
F2012W,-0.101278708,-13.41196060180664,-13.41196060180664
F2012A,-1.0,-13.411876678466797,-13.411876678466797
F2012L,-0.0549798,-13.41238784790039,-13.41238784790039
F2012Y,-0.24109531,-13.40843677520752,-13.40843677520752
I2013W,-0.534862327,-13.409014701843262,-13.409014701843262
I2013C,-1.0,-13.414194107055664,-13.414194107055664
I2013D,-1.0,-13.412925720214844,-13.412925720214844
I2013E,-1.0,-13.409475326538086,-13.409475326538086
I2013F,-0.14056918,-13.41238784790039,-13.41238784790039
I2013G,-1.0,-13.414168357849121,-13.414168357849121
I2013H,-1.0,-13.40877914428711,-13.40877914428711
I2013K,-1.0,-13.40567684173584,-13.40567684173584
I2013L,-0.104611703,-13.413060188293457,-13.413060188293457
I2013M,-0.667753577,-13.410664558410645,-13.410664558410645
I2013N,-1.0,-13.410496711730957,-13.410496711730957
I2013P,-1.0,-13.416142463684082,-13.416142463684082
I2013Q,-1.0,-13.411049842834473,-13.411049842834473
I2013R,-1.0,-13.408815383911133,-13.408815383911133
I2013S,-1.0,-13.410305976867676,-13.410305976867676
I2013T,-1.0,-13.40888500213623,-13.40888500213623
I2013V,-0.175329365,-13.408347129821777,-13.408347129821777
I2013A,-0.860352983,-13.413203239440918,-13.413203239440918
I2013Y,-0.543146048,-13.410629272460938,-13.410629272460938
S2014E,-1.0,-13.408565521240234,-13.408565521240234
S2014W,-0.8337076240000001,-13.412607192993164,-13.412607192993164
S2014V,-0.873146423,-13.413809776306152,-13.413809776306152
S2014T,-0.28989351,-13.409281730651855,-13.409281730651855
S2014R,-1.0,-13.409913063049316,-13.409913063049316
S2014Q,-0.454449793,-13.411226272583008,-13.411226272583008
S2014P,-1.0,-13.409127235412598,-13.409127235412598
S2014N,-0.7093873140000001,-13.407772064208984,-13.407772064208984
S2014M,-0.414910653,-13.410207748413086,-13.410207748413086
S2014L,-1.0,-13.406309127807617,-13.406309127807617
S2014K,-1.0,-13.409639358520508,-13.409639358520508
S2014I,-1.0,-13.412467956542969,-13.412467956542969
S2014H,-0.698237727,-13.412784576416016,-13.412784576416016
S2014G,-0.286515513,-13.411977767944336,-13.411977767944336
S2014F,-0.706055786,-13.412467956542969,-13.412467956542969
S2014Y,-0.871020327,-13.409116744995117,-13.409116744995117
S2014D,-1.0,-13.407425880432129,-13.407425880432129
S2014A,-0.698279975,-13.41116714477539,-13.41116714477539
S2014C,-0.261108513,-13.409979820251465,-13.409979820251465
C2015Y,-1.0,-13.408529281616211,-13.408529281616211
C2015A,-1.0,-13.404668807983398,-13.404668807983398
C2015D,-1.0,-13.409719467163086,-13.409719467163086
C2015E,-1.0,-13.407526016235352,-13.407526016235352
C2015F,-1.0,-13.40919303894043,-13.40919303894043
C2015G,-1.0,-13.414265632629395,-13.414265632629395
C2015H,-1.0,-13.412707328796387,-13.412707328796387
C2015K,-1.0,-13.412960052490234,-13.412960052490234
C2015L,-1.0,-13.411295890808105,-13.411295890808105
C2015I,-1.0,-13.409379959106445,-13.409379959106445
C2015N,-1.0,-13.408062934875488,-13.408062934875488
C2015W,-1.0,-13.408720016479492,-13.408720016479492
C2015M,-1.0,-13.412483215332031,-13.412483215332031
C2015T,-1.0,-13.410979270935059,-13.410979270935059
C2015S,-1.0,-13.407313346862793,-13.407313346862793
C2015V,-1.0,-13.406394004821777,-13.406394004821777
C2015Q,-1.0,-13.410565376281738,-13.410565376281738
C2015P,-1.0,-13.410287857055664,-13.410287857055664
C2015R,-1.0,-13.411195755004883,-13.411195755004883
Q2016V,-0.9791275,-13.41092300415039,-13.41092300415039
Q2016L,-1.0,-13.411783218383789,-13.411783218383789
Q2016T,-1.0,-13.410070419311523,-13.410070419311523
Q2016S,-0.9696804,-13.40847396850586,-13.40847396850586
Q2016R,-1.0,-13.41115951538086,-13.41115951538086
Q2016P,-1.0,-13.408984184265137,-13.408984184265137
Q2016N,-1.0,-13.412188529968262,-13.412188529968262
Q2016K,-1.0,-13.4113187789917,-13.4113187789917
Q2016A,-0.958718153,-13.40992546081543,-13.40992546081543
Q2016H,-1.0,-13.41239070892334,-13.41239070892334
Q2016G,-1.0,-13.410258293151855,-13.410258293151855
Q2016F,-1.0,-13.410649299621582,-13.410649299621582
Q2016E,-1.0,-13.406991958618164,-13.406991958618164
Q2016D,-1.0,-13.411388397216797,-13.411388397216797
Q2016C,-1.0,-13.407624244689941,-13.407624244689941
Q2016W,-1.0,-13.411395072937012,-13.411395072937012
Q2016I,-1.0,-13.408859252929688,-13.408859252929688
Q2016Y,-1.0,-13.409611701965332,-13.409611701965332
Q2016M,-1.0,-13.41555118560791,-13.41555118560791
K2017A,-0.037466264,-13.412566184997559,-13.412566184997559
K2017Y,-0.218352379,-13.409407615661621,-13.409407615661621
K2017W,-0.339913817,-13.409682273864746,-13.409682273864746
K2017V,-0.238209375,-13.407254219055176,-13.407254219055176
K2017T,-0.165679887,-13.41049861907959,-13.41049861907959
K2017S,0.008867016,-13.409475326538086,-13.409475326538086
K2017R,0.036856425,-13.41032886505127,-13.41032886505127
K2017Q,-0.339465351,-13.408889770507812,-13.408889770507812
K2017P,-0.352455865,-13.410298347473145,-13.410298347473145
K2017N,-0.259693056,-13.412339210510254,-13.412339210510254
K2017E,-0.765610166,-13.409330368041992,-13.409330368041992
K2017L,-0.315572783,-13.41071891784668,-13.41071891784668
K2017D,-0.952461756,-13.412144660949707,-13.412144660949707
K2017I,-0.325968653,-13.40989875793457,-13.40989875793457
K2017H,-0.595730027,-13.408944129943848,-13.408944129943848
K2017G,-0.832029676,-13.411267280578613,-13.411267280578613
K2017F,-0.86214689,-13.410626411437988,-13.410626411437988
K2017M,-0.37668975,-13.409578323364258,-13.409578323364258
K2017C,-1.0,-13.409889221191406,-13.409889221191406
G2018T,-1.0,-13.410548210144043,-13.410548210144043
G2018S,-1.0,-13.408215522766113,-13.408215522766113
G2018R,-1.0,-13.414746284484863,-13.414746284484863
G2018Q,-1.0,-13.408207893371582,-13.408207893371582
G2018P,-1.0,-13.410406112670898,-13.410406112670898
G2018N,-1.0,-13.409097671508789,-13.409097671508789
G2018M,-1.0,-13.412501335144043,-13.412501335144043
G2018I,-1.0,-13.413583755493164,-13.413583755493164
G2018K,-1.0,-13.409310340881348,-13.409310340881348
G2018H,-1.0,-13.411805152893066,-13.411805152893066
G2018F,-1.0,-13.412031173706055,-13.412031173706055
G2018E,-1.0,-13.41197395324707,-13.41197395324707
G2018D,-1.0,-13.407970428466797,-13.407970428466797
G2018C,-1.0,-13.407833099365234,-13.407833099365234
G2018A,-1.0,-13.414092063903809,-13.414092063903809
G2018W,-1.0,-13.41235637664795,-13.41235637664795
G2018Y,-1.0,-13.411895751953125,-13.411895751953125
G2018L,-1.0,-13.408227920532227,-13.408227920532227
G2018V,-1.0,-13.409461975097656,-13.409461975097656
Y2019C,-1.0,-13.406770706176758,-13.406770706176758
Y2019D,-1.0,-13.408571243286133,-13.408571243286133
Y2019W,-0.933998754,-13.410520553588867,-13.410520553588867
Y2019T,-1.0,-13.408329963684082,-13.408329963684082
Y2019S,-1.0,-13.408866882324219,-13.408866882324219
Y2019R,-1.0,-13.41229248046875,-13.41229248046875
Y2019Q,-1.0,-13.411513328552246,-13.411513328552246
Y2019P,-1.0,-13.409130096435547,-13.409130096435547
Y2019N,-1.0,-13.408016204833984,-13.408016204833984
Y2019M,-1.0,-13.409564018249512,-13.409564018249512
Y2019L,-1.0,-13.41466999053955,-13.41466999053955
Y2019K,-1.0,-13.408053398132324,-13.408053398132324
Y2019I,-1.0,-13.411012649536133,-13.411012649536133
Y2019V,-1.0,-13.405150413513184,-13.405150413513184
Y2019G,-1.0,-13.411910057067871,-13.411910057067871
Y2019F,0.143014834,-13.411182403564453,-13.411182403564453
Y2019E,-1.0,-13.40928840637207,-13.40928840637207
Y2019A,-1.0,-13.413900375366211,-13.413900375366211
Y2019H,-1.0,-13.411882400512695,-13.411882400512695
K2020Y,-0.14437004,-13.408995628356934,-13.408995628356934
K2020V,-0.232883362,-13.412999153137207,-13.412999153137207
K2020T,-0.148689992,-13.413040161132812,-13.413040161132812
K2020S,-0.1304152519999999,-13.408622741699219,-13.408622741699219
K2020R,-0.020703233,-13.409988403320312,-13.409988403320312
K2020Q,-0.274618803,-13.407527923583984,-13.407527923583984
K2020P,-1.0,-13.410332679748535,-13.410332679748535
K2020N,-0.441675474,-13.410306930541992,-13.410306930541992
K2020M,-0.353028971,-13.411108016967773,-13.411108016967773
K2020L,-0.582416472,-13.407505989074707,-13.407505989074707
K2020H,-0.106307114,-13.406298637390137,-13.406298637390137
K2020G,-0.463604522,-13.411900520324707,-13.411900520324707
K2020F,-0.539424821,-13.409381866455078,-13.409381866455078
K2020E,-0.944538718,-13.407962799072266,-13.407962799072266
K2020D,-1.0,-13.411531448364258,-13.411531448364258
K2020C,-0.19998894,-13.40770435333252,-13.40770435333252
K2020A,-0.106778514,-13.407066345214844,-13.407066345214844
K2020I,-0.523811912,-13.41081428527832,-13.41081428527832
K2020W,-0.415164219,-13.410401344299316,-13.410401344299316
G2021V,-1.0,-13.407411575317383,-13.407411575317383
G2021T,-1.0,-13.410361289978027,-13.410361289978027
G2021W,-1.0,-13.411507606506348,-13.411507606506348
G2021S,-1.0,-13.409601211547852,-13.409601211547852
G2021R,-1.0,-13.410958290100098,-13.410958290100098
G2021Q,-1.0,-13.407068252563477,-13.407068252563477
G2021P,-1.0,-13.409924507141113,-13.409924507141113
G2021N,-1.0,-13.415657043457031,-13.415657043457031
G2021M,-1.0,-13.408336639404297,-13.408336639404297
G2021Y,-1.0,-13.412084579467773,-13.412084579467773
G2021L,-1.0,-13.405767440795898,-13.405767440795898
G2021I,-1.0,-13.409083366394043,-13.409083366394043
G2021H,-1.0,-13.408756256103516,-13.408756256103516
G2021F,-1.0,-13.409711837768555,-13.409711837768555
G2021E,-1.0,-13.407893180847168,-13.407893180847168
G2021D,-1.0,-13.41205883026123,-13.41205883026123
G2021C,-1.0,-13.407320022583008,-13.407320022583008
G2021A,-1.0,-13.4113130569458,-13.4113130569458
G2021K,-1.0,-13.412452697753906,-13.412452697753906
V2022W,-0.55356385,-13.410585403442383,-13.410585403442383
V2022T,-0.014247413,-13.412813186645508,-13.412813186645508
V2022I,-0.032329054,-13.411945343017578,-13.411945343017578
V2022S,-0.100889007,-13.407186508178711,-13.407186508178711
V2022Q,0.006553399,-13.408059120178223,-13.408059120178223
V2022P,-0.359066022,-13.410673141479492,-13.410673141479492
V2022N,-0.048658744,-13.406917572021484,-13.406917572021484
V2022M,0.114181969,-13.409134864807129,-13.409134864807129
V2022L,-0.33559427,-13.408347129821777,-13.408347129821777
V2022K,-0.85465874,-13.409789085388184,-13.409789085388184
V2022R,-0.416445566,-13.409544944763184,-13.409544944763184
V2022Y,-0.404393982,-13.410868644714355,-13.410868644714355
V2022G,-0.141631931,-13.411332130432129,-13.411332130432129
V2022F,-0.376379353,-13.406790733337402,-13.406790733337402
V2022E,-0.365721853,-13.40966510772705,-13.40966510772705
V2022D,-0.369264463,-13.408215522766113,-13.408215522766113
V2022C,0.062415991,-13.410595893859863,-13.410595893859863
V2022A,-0.057009075,-13.412637710571289,-13.412637710571289
V2022H,-0.339894014,-13.41049861907959,-13.41049861907959
W2023Q,-1.0,-13.407880783081055,-13.407880783081055
W2023P,-1.0,-13.413728713989258,-13.413728713989258
W2023V,-1.0,-13.410409927368164,-13.410409927368164
W2023N,-1.0,-13.41336727142334,-13.41336727142334
W2023M,-1.0,-13.409494400024414,-13.409494400024414
W2023L,-1.0,-13.407937049865723,-13.407937049865723
W2023K,-1.0,-13.413681030273438,-13.413681030273438
W2023I,-1.0,-13.411478996276855,-13.411478996276855
W2023H,-1.0,-13.41019058227539,-13.41019058227539
W2023Y,-1.0,-13.412786483764648,-13.412786483764648
W2023G,-1.0,-13.410945892333984,-13.410945892333984
W2023E,-1.0,-13.411628723144531,-13.411628723144531
W2023D,-1.0,-13.41047191619873,-13.41047191619873
W2023C,-1.0,-13.412395477294922,-13.412395477294922
W2023A,-1.0,-13.406726837158203,-13.406726837158203
W2023R,-1.0,-13.411301612854004,-13.411301612854004
W2023T,-1.0,-13.413291931152344,-13.413291931152344
W2023F,-1.0,-13.413326263427734,-13.413326263427734
W2023S,-1.0,-13.412353515625,-13.412353515625
A2024C,0.416986576,-13.411626815795898,-13.411626815795898
A2024W,-0.118341288,-13.412548065185547,-13.412548065185547
A2024V,0.36624209,-13.409802436828613,-13.409802436828613
A2024T,-0.023553264,-13.410938262939453,-13.410938262939453
A2024S,-0.046146379,-13.411057472229004,-13.411057472229004
A2024R,-0.447942155,-13.412250518798828,-13.412250518798828
A2024Q,0.050284068,-13.407870292663574,-13.407870292663574
A2024P,-1.0,-13.407349586486816,-13.407349586486816
A2024N,-0.003011721,-13.408859252929688,-13.408859252929688
A2024M,-0.07134416,-13.405989646911621,-13.405989646911621
A2024Y,0.0726707,-13.407135963439941,-13.407135963439941
A2024K,-0.65608475,-13.412354469299316,-13.412354469299316
A2024I,0.168034591,-13.409392356872559,-13.409392356872559
A2024H,0.017754386,-13.407084465026855,-13.407084465026855
A2024G,-0.057841748,-13.410329818725586,-13.410329818725586
A2024F,0.05360002,-13.412519454956055,-13.412519454956055
A2024E,-0.324955723,-13.409372329711914,-13.409372329711914
A2024D,0.047093417,-13.4092378616333,-13.4092378616333
A2024L,0.128287032,-13.41262435913086,-13.41262435913086
G2025T,-1.0,-13.410250663757324,-13.410250663757324
G2025S,-0.986975311,-13.41310977935791,-13.41310977935791
G2025R,-1.0,-13.409602165222168,-13.409602165222168
G2025Q,-1.0,-13.41164493560791,-13.41164493560791
G2025P,-1.0,-13.410111427307129,-13.410111427307129
G2025N,-0.735976911,-13.411022186279297,-13.411022186279297
G2025M,-1.0,-13.41125774383545,-13.41125774383545
G2025F,-1.0,-13.412424087524414,-13.412424087524414
G2025I,-1.0,-13.412887573242188,-13.412887573242188
G2025H,-0.976470971,-13.411380767822266,-13.411380767822266
G2025E,-1.0,-13.40826416015625,-13.40826416015625
G2025D,-1.0,-13.411284446716309,-13.411284446716309
G2025C,-1.0,-13.412068367004395,-13.412068367004395
G2025A,-1.0,-13.410490989685059,-13.410490989685059
G2025V,-1.0,-13.411378860473633,-13.411378860473633
G2025L,-1.0,-13.407252311706543,-13.407252311706543
G2025K,-1.0,-13.411454200744629,-13.411454200744629
G2025W,-1.0,-13.409560203552246,-13.409560203552246
G2025Y,-1.0,-13.411664009094238,-13.411664009094238
T2026C,0.222021291,-13.406522750854492,-13.406522750854492
T2026D,-0.088109224,-13.412150382995605,-13.412150382995605
T2026E,-0.052097091,-13.408370018005371,-13.408370018005371
T2026F,-0.647617156,-13.411660194396973,-13.411660194396973
T2026G,0.060910695,-13.41230583190918,-13.41230583190918
T2026H,-0.077187366,-13.408638954162598,-13.408638954162598
T2026I,-0.291210326,-13.41368293762207,-13.41368293762207
T2026A,0.022703179,-13.411602973937988,-13.411602973937988
T2026W,-0.65044443,-13.410868644714355,-13.410868644714355
T2026M,-0.027785132,-13.413614273071289,-13.413614273071289
T2026N,0.093504857,-13.409674644470215,-13.409674644470215
T2026P,-1.0,-13.409956932067871,-13.409956932067871
T2026Q,-0.467136815,-13.411128997802734,-13.411128997802734
T2026R,-0.124767236,-13.411031723022461,-13.411031723022461
T2026S,0.1138275,-13.411149024963379,-13.411149024963379
T2026V,0.01153745,-13.412029266357422,-13.412029266357422
T2026L,-0.711678083,-13.414811134338379,-13.414811134338379
T2026K,0.2152441,-13.411270141601562,-13.411270141601562
T2026Y,-0.6162613779999999,-13.412247657775879,-13.412247657775879
G2027T,-1.0,-13.406908988952637,-13.406908988952637
G2027A,-1.0,-13.41036605834961,-13.41036605834961
G2027C,-1.0,-13.410285949707031,-13.410285949707031
G2027D,-1.0,-13.412931442260742,-13.412931442260742
G2027E,-1.0,-13.410770416259766,-13.410770416259766
G2027F,-1.0,-13.409564971923828,-13.409564971923828
G2027H,-1.0,-13.406129837036133,-13.406129837036133
G2027I,-1.0,-13.409343719482422,-13.409343719482422
G2027K,-1.0,-13.413097381591797,-13.413097381591797
G2027L,-1.0,-13.410045623779297,-13.410045623779297
G2027M,-1.0,-13.410615921020508,-13.410615921020508
G2027N,-1.0,-13.409035682678223,-13.409035682678223
G2027P,-1.0,-13.407759666442871,-13.407759666442871
G2027Q,-1.0,-13.410564422607422,-13.410564422607422
G2027R,-1.0,-13.409664154052734,-13.409664154052734
G2027S,-1.0,-13.410372734069824,-13.410372734069824
G2027V,-1.0,-13.408600807189941,-13.408600807189941
G2027W,-1.0,-13.413117408752441,-13.413117408752441
G2027Y,-1.0,-13.41093635559082,-13.41093635559082
I2028H,-0.911928395,-13.406801223754883,-13.406801223754883
I2028D,-1.0,-13.409088134765625,-13.409088134765625
I2028E,-0.946796544,-13.410247802734375,-13.410247802734375
I2028F,-0.361455374,-13.412808418273926,-13.412808418273926
I2028G,-0.946027814,-13.408377647399902,-13.408377647399902
I2028K,-1.0,-13.41249942779541,-13.41249942779541
I2028L,-0.449566614,-13.407353401184082,-13.407353401184082
I2028C,-0.395794328,-13.40910530090332,-13.40910530090332
I2028N,-1.0,-13.41082763671875,-13.41082763671875
I2028M,-0.126830673,-13.410016059875488,-13.410016059875488
I2028Q,-0.907671563,-13.40927791595459,-13.40927791595459
I2028R,-0.953543771,-13.414224624633789,-13.414224624633789
I2028S,-0.890294151,-13.408708572387695,-13.408708572387695
I2028T,-0.561968785,-13.408326148986816,-13.408326148986816
I2028V,-0.233574548,-13.411931037902832,-13.411931037902832
I2028W,-1.0,-13.409884452819824,-13.409884452819824
I2028Y,-1.0,-13.405680656433105,-13.405680656433105
I2028P,-0.873311035,-13.410199165344238,-13.410199165344238
I2028A,-0.910384273,-13.410329818725586,-13.410329818725586
M2029N,-0.908172451,-13.407267570495605,-13.407267570495605
M2029L,-0.963831458,-13.410292625427246,-13.410292625427246
M2029K,-1.0,-13.412792205810547,-13.412792205810547
M2029D,-1.0,-13.409034729003906,-13.409034729003906
M2029H,-1.0,-13.410528182983398,-13.410528182983398
M2029G,-1.0,-13.411938667297363,-13.411938667297363
M2029P,-1.0,-13.409810066223145,-13.409810066223145
M2029I,-0.7760349740000001,-13.409189224243164,-13.409189224243164
M2029Q,-1.0,-13.409754753112793,-13.409754753112793
M2029C,-0.536294148,-13.410945892333984,-13.410945892333984
M2029S,-1.0,-13.410438537597656,-13.410438537597656
M2029T,-1.0,-13.409933090209961,-13.409933090209961
M2029V,-0.143486651,-13.40958309173584,-13.40958309173584
M2029W,-1.0,-13.411519050598145,-13.411519050598145
M2029Y,-1.0,-13.40808391571045,-13.40808391571045
M2029A,-1.0,-13.41152286529541,-13.41152286529541
M2029F,-1.0,-13.409425735473633,-13.409425735473633
M2029R,-1.0,-13.412213325500488,-13.412213325500488
M2029E,-1.0,-13.406522750854492,-13.406522750854492
T2030C,-0.181096563,-2.848888874053955,-2.848888874053955
T2030M,-0.233528118,-2.849073886871338,-2.849073886871338
T2030W,-0.833757648,-2.8490703105926514,-2.8490703105926514
T2030V,-0.25339289,-2.848583459854126,-2.848583459854126
T2030S,-0.345495346,-2.8486311435699463,-2.8486311435699463
T2030R,-0.6080740379999999,-2.848682403564453,-2.848682403564453
T2030Q,-0.078043242,-2.848750352859497,-2.848750352859497
T2030P,-1.0,-2.848536491394043,-2.848536491394043
T2030N,0.049549124,-2.848660469055176,-2.848660469055176
T2030Y,-0.280273591,-2.8487162590026855,-2.8487162590026855
T2030A,-0.436384579,-2.848482370376587,-2.848482370376587
T2030K,-0.815974065,-2.8488733768463135,-2.8488733768463135
T2030I,-0.101615162,-2.8487303256988525,-2.8487303256988525
T2030H,0.150451318,-2.8488314151763916,-2.8488314151763916
T2030G,-0.784200782,-2.848243474960327,-2.848243474960327
T2030F,0.082980584,-2.848813056945801,-2.848813056945801
T2030E,-0.793032712,-2.8486788272857666,-2.8486788272857666
T2030D,-1.0,-2.8486576080322266,-2.8486576080322266
T2030L,-0.082020425,-2.8485336303710938,-2.8485336303710938
T2031A,-0.375372257,-13.410059928894043,-13.410059928894043
T2031C,-1.0,-13.410619735717773,-13.410619735717773
T2031W,-1.0,-13.413446426391602,-13.413446426391602
T2031D,-1.0,-13.410528182983398,-13.410528182983398
T2031E,-1.0,-13.410675048828125,-13.410675048828125
T2031F,-1.0,-13.413724899291992,-13.413724899291992
T2031G,-0.009513327,-13.412504196166992,-13.412504196166992
T2031H,-1.0,-13.406713485717773,-13.406713485717773
T2031I,-1.0,-13.414083480834961,-13.414083480834961
T2031K,-1.0,-13.40987777709961,-13.40987777709961
T2031L,-1.0,-13.412816047668457,-13.412816047668457
T2031M,-1.0,-13.407584190368652,-13.407584190368652
T2031N,-1.0,-13.412714958190918,-13.412714958190918
T2031P,-1.0,-13.409850120544434,-13.409850120544434
T2031Q,-1.0,-13.410791397094727,-13.410791397094727
T2031R,-1.0,-13.411103248596191,-13.411103248596191
T2031S,-0.223894104,-13.412166595458984,-13.412166595458984
T2031V,-1.0,-13.408042907714844,-13.408042907714844
T2031Y,-1.0,-13.410552024841309,-13.410552024841309
R2032A,-0.297594401,-13.40827465057373,-13.40827465057373
R2032L,-0.5751898520000001,-13.413853645324707,-13.413853645324707
R2032D,-1.0,-13.408452033996582,-13.408452033996582
R2032F,0.04995484,-13.412663459777832,-13.412663459777832
R2032G,-1.0,-13.414278984069824,-13.414278984069824
R2032H,-0.018911204,-13.411788940429688,-13.411788940429688
R2032I,-0.309796172,-13.415669441223145,-13.415669441223145
R2032K,-1.0,-13.410762786865234,-13.410762786865234
R2032M,-0.597338113,-13.409699440002441,-13.409699440002441
R2032E,-1.0,-13.410652160644531,-13.410652160644531
R2032N,-0.762068275,-13.409449577331543,-13.409449577331543
R2032Q,-1.0,-13.406536102294922,-13.406536102294922
R2032S,-0.160787375,-13.410037994384766,-13.410037994384766
R2032T,-0.008565489,-13.408246040344238,-13.408246040344238
R2032V,-0.336240466,-13.412308692932129,-13.412308692932129
R2032W,-0.925545021,-13.414047241210938,-13.414047241210938
R2032Y,0.202289273,-13.408127784729004,-13.408127784729004
R2032P,-1.0,-13.408841133117676,-13.408841133117676
R2032C,-0.213571881,-13.406893730163574,-13.406893730163574
C2033S,-1.0,-13.41286849975586,-13.41286849975586
C2033T,-1.0,-13.410663604736328,-13.410663604736328
C2033R,-1.0,-13.409010887145996,-13.409010887145996
C2033A,-1.0,-13.412849426269531,-13.412849426269531
C2033D,-1.0,-13.406264305114746,-13.406264305114746
C2033E,-1.0,-13.410367012023926,-13.410367012023926
C2033F,-1.0,-13.405691146850586,-13.405691146850586
C2033G,-1.0,-13.409211158752441,-13.409211158752441
C2033H,-1.0,-13.413224220275879,-13.413224220275879
C2033V,-1.0,-13.411311149597168,-13.411311149597168
C2033I,-1.0,-13.410696029663086,-13.410696029663086
C2033K,-1.0,-13.409473419189453,-13.409473419189453
C2033L,-1.0,-13.40958309173584,-13.40958309173584
C2033M,-1.0,-13.411465644836426,-13.411465644836426
C2033N,-1.0,-13.409348487854004,-13.409348487854004
C2033P,-1.0,-13.412481307983398,-13.412481307983398
C2033Q,-1.0,-13.409802436828613,-13.409802436828613
C2033W,-1.0,-13.410449981689453,-13.410449981689453
C2033Y,-1.0,-13.409958839416504,-13.409958839416504
P2034Y,-0.804668695,-13.409374237060547,-13.409374237060547
P2034A,-0.385256223,-13.411968231201172,-13.411968231201172
P2034W,-0.7944947659999999,-13.412343978881836,-13.412343978881836
P2034C,-0.72226403,-13.409316062927246,-13.409316062927246
P2034D,-0.865685983,-13.41117000579834,-13.41117000579834
P2034E,-1.0,-13.409253120422363,-13.409253120422363
P2034F,-0.726073257,-13.411593437194824,-13.411593437194824
P2034H,-0.453381622,-13.41235637664795,-13.41235637664795
P2034I,-1.0,-13.411910057067871,-13.411910057067871
P2034K,-0.7107914790000001,-13.410285949707031,-13.410285949707031
P2034G,0.572371566,-13.412140846252441,-13.412140846252441
P2034M,-0.394520013,-13.407014846801758,-13.407014846801758
P2034N,-0.575254891,-13.411504745483398,-13.411504745483398
P2034Q,-0.67,-13.412022590637207,-13.412022590637207
P2034R,-0.5654960689999999,-13.409374237060547,-13.409374237060547
P2034S,-0.382464182,-13.410296440124512,-13.410296440124512
P2034T,-0.514666336,-13.40778636932373,-13.40778636932373
P2034V,-0.930738603,-13.409847259521484,-13.409847259521484
P2034L,-0.559616,-13.411969184875488,-13.411969184875488
C2035K,-1.0,-13.406925201416016,-13.406925201416016
C2035D,-1.0,-13.41089153289795,-13.41089153289795
C2035E,-1.0,-13.409109115600586,-13.409109115600586
C2035F,-1.0,-13.40755558013916,-13.40755558013916
C2035G,-1.0,-13.41053581237793,-13.41053581237793
C2035H,-1.0,-13.410526275634766,-13.410526275634766
C2035I,-1.0,-13.411335945129395,-13.411335945129395
C2035L,-1.0,-13.410375595092773,-13.410375595092773
C2035W,-1.0,-13.4107084274292,-13.4107084274292
C2035N,-1.0,-13.4067964553833,-13.4067964553833
C2035P,-1.0,-13.40985107421875,-13.40985107421875
C2035Q,-1.0,-13.411456108093262,-13.411456108093262
C2035R,-1.0,-13.406389236450195,-13.406389236450195
C2035S,-1.0,-13.411261558532715,-13.411261558532715
C2035T,-1.0,-13.407429695129395,-13.407429695129395
C2035V,-1.0,-13.411931991577148,-13.411931991577148
C2035Y,-1.0,-13.410991668701172,-13.410991668701172
C2035M,-1.0,-13.409887313842773,-13.409887313842773
C2035A,-1.0,-13.40857982635498,-13.40857982635498
G2036S,-0.947039157,-13.411471366882324,-13.411471366882324
G2036W,-1.0,-13.408256530761719,-13.408256530761719
G2036Y,-1.0,-13.409473419189453,-13.409473419189453
G2036A,-1.0,-13.410244941711426,-13.410244941711426
G2036C,-1.0,-13.408733367919922,-13.408733367919922
G2036D,-1.0,-13.409130096435547,-13.409130096435547
G2036V,-1.0,-13.411865234375,-13.411865234375
G2036F,-1.0,-13.408913612365723,-13.408913612365723
G2036H,-1.0,-13.413006782531738,-13.413006782531738
G2036I,-1.0,-13.40957260131836,-13.40957260131836
G2036E,-1.0,-13.411749839782715,-13.411749839782715
G2036L,-1.0,-13.40755558013916,-13.40755558013916
G2036T,-1.0,-13.411758422851562,-13.411758422851562
G2036M,-1.0,-13.408674240112305,-13.408674240112305
G2036N,-1.0,-13.412960052490234,-13.412960052490234
G2036P,-1.0,-13.410943031311035,-13.410943031311035
G2036Q,-1.0,-13.406293869018555,-13.406293869018555
G2036R,-1.0,-13.410057067871094,-13.410057067871094
G2036K,-1.0,-13.411288261413574,-13.411288261413574
A2037D,-1.0,-13.406770706176758,-13.406770706176758
A2037E,-1.0,-13.405930519104004,-13.405930519104004
A2037F,-1.0,-13.411521911621094,-13.411521911621094
A2037G,-0.080565396,-13.41458797454834,-13.41458797454834
A2037H,-1.0,-13.409822463989258,-13.409822463989258
A2037I,-1.0,-13.409193992614746,-13.409193992614746
A2037K,-1.0,-13.412003517150879,-13.412003517150879
A2037M,-1.0,-13.409440994262695,-13.409440994262695
A2037L,-1.0,-13.410046577453613,-13.410046577453613
A2037P,-1.0,-13.415226936340332,-13.415226936340332
A2037Q,-1.0,-13.409326553344727,-13.409326553344727
A2037R,-1.0,-13.411810874938965,-13.411810874938965
A2037S,-0.087460563,-13.413423538208008,-13.413423538208008
A2037T,-1.0,-13.410454750061035,-13.410454750061035
A2037V,-0.975180522,-13.410222053527832,-13.410222053527832
A2037C,-1.0,-13.408120155334473,-13.408120155334473
A2037Y,-1.0,-13.412550926208496,-13.412550926208496
A2037N,-1.0,-13.410013198852539,-13.410013198852539
A2037W,-1.0,-13.408099174499512,-13.408099174499512
N2038W,-0.912567791,-13.410149574279785,-13.410149574279785
N2038C,-0.740973777,-13.407983779907227,-13.407983779907227
N2038V,-0.235051427,-13.41292953491211,-13.41292953491211
N2038T,-0.159662165,-13.409289360046387,-13.409289360046387
N2038S,-0.207800876,-13.41071605682373,-13.41071605682373
N2038R,-0.8645548740000001,-13.412909507751465,-13.412909507751465
N2038Q,-0.187494932,-13.411491394042969,-13.411491394042969
N2038M,-0.16598871,-13.409546852111816,-13.409546852111816
N2038L,-0.515027501,-13.407264709472656,-13.407264709472656
N2038K,-1.0,-13.410884857177734,-13.410884857177734
N2038I,-0.356744525,-13.41203784942627,-13.41203784942627
N2038H,-0.557996055,-13.41186809539795,-13.41186809539795
N2038G,-0.223607012,-13.405698776245117,-13.405698776245117
N2038F,-0.82675679,-13.409379959106445,-13.409379959106445
N2038E,0.0113453939999999,-13.411408424377441,-13.411408424377441
N2038D,0.23472326,-13.41249942779541,-13.41249942779541
N2038Y,-1.0,-13.41020393371582,-13.41020393371582
N2038A,-0.347785783,-13.40844440460205,-13.40844440460205
N2038P,-0.369529197,-13.41273307800293,-13.41273307800293
I2039W,-1.0,-13.4113187789917,-13.4113187789917
I2039F,-1.0,-13.410906791687012,-13.410906791687012
I2039Y,-1.0,-13.409830093383789,-13.409830093383789
I2039A,-1.0,-13.410520553588867,-13.410520553588867
I2039C,-1.0,-13.40638256072998,-13.40638256072998
I2039D,-1.0,-13.41161823272705,-13.41161823272705
I2039E,-1.0,-13.409165382385254,-13.409165382385254
I2039G,-1.0,-13.410505294799805,-13.410505294799805
I2039H,-1.0,-13.411043167114258,-13.411043167114258
I2039L,-0.127223078,-13.408811569213867,-13.408811569213867
I2039K,-1.0,-13.409863471984863,-13.409863471984863
I2039N,-1.0,-13.410122871398926,-13.410122871398926
I2039P,-1.0,-13.40812873840332,-13.40812873840332
I2039Q,-1.0,-13.412768363952637,-13.412768363952637
I2039R,-1.0,-13.412585258483887,-13.412585258483887
I2039S,-1.0,-13.409324645996094,-13.409324645996094
I2039T,-1.0,-13.409428596496582,-13.409428596496582
I2039V,-0.110459924,-13.406574249267578,-13.406574249267578
I2039M,-0.559448839,-13.415201187133789,-13.415201187133789
S2040Q,-0.6602632820000001,-13.407061576843262,-13.407061576843262
S2040P,-1.0,-13.408275604248047,-13.408275604248047
S2040T,-1.0,-13.414430618286133,-13.414430618286133
S2040L,-0.983227083,-13.410945892333984,-13.410945892333984
S2040W,-1.0,-13.40914535522461,-13.40914535522461
S2040Y,-1.0,-13.413272857666016,-13.413272857666016
S2040N,-0.643514943,-13.408785820007324,-13.408785820007324
S2040V,-1.0,-13.411971092224121,-13.411971092224121
S2040M,-1.0,-13.412871360778809,-13.412871360778809
S2040R,-1.0,-13.410685539245605,-13.410685539245605
S2040I,-1.0,-13.41269588470459,-13.41269588470459
S2040C,-0.871031167,-13.410879135131836,-13.410879135131836
S2040D,-1.0,-13.410930633544922,-13.410930633544922
S2040E,-1.0,-13.409799575805664,-13.409799575805664
S2040A,-0.398573434,-13.406004905700684,-13.406004905700684
S2040F,-1.0,-13.410258293151855,-13.410258293151855
S2040G,-0.298002281,-13.410292625427246,-13.410292625427246
S2040H,-1.0,-13.408556938171387,-13.408556938171387
S2040K,-1.0,-13.411643981933594,-13.411643981933594
G2041M,-1.0,-13.407024383544922,-13.407024383544922
G2041V,-1.0,-13.403406143188477,-13.403406143188477
G2041T,-1.0,-13.413456916809082,-13.413456916809082
G2041S,-1.0,-13.406525611877441,-13.406525611877441
G2041R,-1.0,-13.41527271270752,-13.41527271270752
G2041Q,-1.0,-13.410865783691406,-13.410865783691406
G2041P,-1.0,-13.410940170288086,-13.410940170288086
G2041N,-1.0,-13.413992881774902,-13.413992881774902
G2041W,-1.0,-13.40902042388916,-13.40902042388916
G2041L,-1.0,-13.40955638885498,-13.40955638885498
G2041I,-1.0,-13.412505149841309,-13.412505149841309
G2041H,-1.0,-13.412033081054688,-13.412033081054688
G2041F,-1.0,-13.414209365844727,-13.414209365844727
G2041E,-1.0,-13.412511825561523,-13.412511825561523
G2041D,-1.0,-13.4085693359375,-13.4085693359375
G2041C,-1.0,-13.410567283630371,-13.410567283630371
G2041A,-0.368613944,-13.412053108215332,-13.412053108215332
G2041Y,-1.0,-13.409449577331543,-13.409449577331543
G2041K,-1.0,-13.409906387329102,-13.409906387329102
N2042Q,-0.393736981,-13.406771659851074,-13.406771659851074
N2042R,-0.516705048,-13.410087585449219,-13.410087585449219
N2042S,-0.018335535,-13.411744117736816,-13.411744117736816
N2042P,-1.0,-13.407988548278809,-13.407988548278809
N2042V,0.139652793,-13.40854263305664,-13.40854263305664
N2042W,-0.445046605,-13.408862113952637,-13.408862113952637
N2042Y,0.27094263,-13.413276672363281,-13.413276672363281
N2042T,-0.5493904239999999,-13.405749320983887,-13.405749320983887
N2042M,0.78209452,-13.406511306762695,-13.406511306762695
N2042C,-0.012101502,-13.411262512207031,-13.411262512207031
N2042K,0.079008014,-13.406989097595215,-13.406989097595215
N2042I,0.45672492,-13.409754753112793,-13.409754753112793
N2042H,-0.250150718,-13.407876968383789,-13.407876968383789
N2042G,-0.866518067,-13.40713882446289,-13.40713882446289
N2042F,0.078658202,-13.412196159362793,-13.412196159362793
N2042E,-1.0,-13.41256332397461,-13.41256332397461
N2042D,-0.45297104,-13.408727645874023,-13.408727645874023
N2042L,0.125369704,-13.412625312805176,-13.412625312805176
N2042A,-0.15460322,-13.40941047668457,-13.40941047668457
V2043D,-1.0,-13.410391807556152,-13.410391807556152
V2043E,-1.0,-13.40892219543457,-13.40892219543457
V2043F,-1.0,-13.410734176635742,-13.410734176635742
V2043G,-1.0,-13.409521102905273,-13.409521102905273
V2043H,-1.0,-13.410440444946289,-13.410440444946289
V2043I,-0.333914012,-13.404006004333496,-13.404006004333496
V2043K,-1.0,-13.411664009094238,-13.411664009094238
V2043P,-1.0,-13.407110214233398,-13.407110214233398
V2043M,-1.0,-13.407184600830078,-13.407184600830078
V2043N,-1.0,-13.411650657653809,-13.411650657653809
V2043C,-0.221951987,-13.407873153686523,-13.407873153686523
V2043Q,-1.0,-13.410567283630371,-13.410567283630371
V2043R,-1.0,-13.410581588745117,-13.410581588745117
V2043S,-1.0,-13.409341812133789,-13.409341812133789
V2043T,-1.0,-13.40888786315918,-13.40888786315918
V2043L,-1.0,-13.410407066345215,-13.410407066345215
V2043A,-0.905669448,-13.408093452453613,-13.408093452453613
V2043W,-1.0,-13.413496017456055,-13.413496017456055
V2043Y,-1.0,-13.40951919555664,-13.40951919555664
R2044A,-0.660096195,-13.411094665527344,-13.411094665527344
R2044Y,-0.7154941770000001,-13.411442756652832,-13.411442756652832
R2044W,-0.522421394,-13.409344673156738,-13.409344673156738
R2044V,-0.255104556,-13.411283493041992,-13.411283493041992
R2044T,-0.801266136,-13.407200813293457,-13.407200813293457
R2044S,-0.6815692879999999,-13.408920288085938,-13.408920288085938
R2044Q,-0.444974211,-13.40455150604248,-13.40455150604248
R2044P,-1.0,-13.405867576599121,-13.405867576599121
R2044N,-0.615156797,-13.408093452453613,-13.408093452453613
R2044M,-0.199640405,-13.410109519958496,-13.410109519958496
R2044L,-0.337657426,-13.406673431396484,-13.406673431396484
R2044K,0.421395422,-13.407963752746582,-13.407963752746582
R2044I,-0.485065655,-13.412405967712402,-13.412405967712402
R2044H,-0.523460531,-13.412893295288086,-13.412893295288086
R2044G,-0.8539106890000001,-13.410725593566895,-13.410725593566895
R2044E,-1.0,-13.410506248474121,-13.410506248474121
R2044D,-0.921086807,-13.409449577331543,-13.409449577331543
R2044C,-0.631843913,-13.406397819519043,-13.406397819519043
R2044F,-0.8353834109999999,-13.409828186035156,-13.409828186035156
L2045Y,-0.25821945,-13.410531997680664,-13.410531997680664
L2045C,0.1701097339999999,-13.411566734313965,-13.411566734313965
L2045E,-0.705725632,-13.41265869140625,-13.41265869140625
L2045F,-0.205493114,-13.410660743713379,-13.410660743713379
L2045G,-0.340933574,-13.413240432739258,-13.413240432739258
L2045H,-0.0881602859999999,-13.414979934692383,-13.414979934692383
L2045I,-0.168286419,-13.410126686096191,-13.410126686096191
L2045K,-0.816690991,-13.406569480895996,-13.406569480895996
L2045M,-0.040590733,-13.41234302520752,-13.41234302520752
L2045A,-0.336496635,-13.407724380493164,-13.407724380493164
L2045N,0.269128211,-13.40994644165039,-13.40994644165039
L2045Q,0.072955351,-13.40932559967041,-13.40932559967041
L2045R,-0.185530955,-13.408398628234863,-13.408398628234863
L2045S,-0.289728026,-13.413253784179688,-13.413253784179688
L2045T,-0.044537297,-13.411792755126953,-13.411792755126953
L2045V,0.100607881,-13.408605575561523,-13.408605575561523
L2045W,-0.414806138,-13.411955833435059,-13.411955833435059
L2045D,-0.905382902,-13.411785125732422,-13.411785125732422
L2045P,-0.952346493,-13.409466743469238,-13.409466743469238
G2046D,-0.949334001,-13.407652854919434,-13.407652854919434
G2046Y,-1.0,-13.410041809082031,-13.410041809082031
G2046E,-0.8422311309999999,-13.409378051757812,-13.409378051757812
G2046W,-1.0,-13.40845775604248,-13.40845775604248
G2046C,-0.941849151,-13.411103248596191,-13.411103248596191
G2046A,-0.718490038,-13.408687591552734,-13.408687591552734
G2046F,-1.0,-13.409270286560059,-13.409270286560059
G2046H,-0.864460918,-13.410075187683105,-13.410075187683105
G2046I,-1.0,-13.410287857055664,-13.410287857055664
G2046K,-1.0,-13.411262512207031,-13.411262512207031
G2046L,-1.0,-13.411301612854004,-13.411301612854004
G2046M,-1.0,-13.408050537109375,-13.408050537109375
G2046N,-0.2884952,-13.406840324401855,-13.406840324401855
G2046P,-1.0,-13.409575462341309,-13.409575462341309
G2046Q,-0.6538808229999999,-13.410299301147461,-13.410299301147461
G2046R,-0.972690639,-13.40643310546875,-13.40643310546875
G2046S,-0.477108286,-13.407388687133789,-13.407388687133789
G2046T,-1.0,-13.41257381439209,-13.41257381439209
G2046V,-1.0,-13.408488273620605,-13.408488273620605
S2047Y,-0.432012823,-13.410101890563965,-13.410101890563965
S2047W,-0.718373736,-13.40922737121582,-13.40922737121582
S2047M,-0.5342062470000001,-13.409378051757812,-13.409378051757812
S2047T,-0.02267768,-13.406389236450195,-13.406389236450195
S2047A,-0.16166356,-13.410019874572754,-13.410019874572754
S2047C,-0.399553343,-13.411849975585938,-13.411849975585938
S2047D,-0.938275933,-13.41029167175293,-13.41029167175293
S2047V,-0.439934156,-13.407966613769531,-13.407966613769531
S2047F,-0.303844855,-13.410746574401855,-13.410746574401855
S2047G,-0.292614059,-13.405518531799316,-13.405518531799316
S2047H,-0.487092375,-13.411759376525879,-13.411759376525879
S2047E,-0.941766613,-13.410696029663086,-13.410696029663086
S2047K,-0.484541187,-13.413077354431152,-13.413077354431152
S2047L,-0.467856066,-13.411567687988281,-13.411567687988281
S2047N,-0.443907227,-13.412405014038086,-13.412405014038086
S2047P,-0.979370553,-13.413140296936035,-13.413140296936035
S2047Q,-0.748535526,-13.408097267150879,-13.408097267150879
S2047R,-0.1760530139999999,-13.412424087524414,-13.412424087524414
S2047I,-0.535581992,-13.407838821411133,-13.407838821411133
M2048K,-1.0,-13.406834602355957,-13.406834602355957
M2048C,0.112651488,-13.414529800415039,-13.414529800415039
M2048D,-1.0,-13.410531997680664,-13.410531997680664
M2048E,-1.0,-13.410072326660156,-13.410072326660156
M2048F,-1.0,-13.40930461883545,-13.40930461883545
M2048G,-1.0,-13.410593032836914,-13.410593032836914
M2048H,-1.0,-13.408204078674316,-13.408204078674316
M2048I,-0.000336212,-13.411620140075684,-13.411620140075684
M2048L,0.330643839,-13.411280632019043,-13.411280632019043
M2048A,-0.622408545,-13.408803939819336,-13.408803939819336
M2048P,-1.0,-13.40910816192627,-13.40910816192627
M2048N,-0.934318717,-13.405133247375488,-13.405133247375488
M2048W,-1.0,-13.407922744750977,-13.407922744750977
M2048V,-0.931960375,-13.409794807434082,-13.409794807434082
M2048Y,-1.0,-13.408380508422852,-13.408380508422852
M2048S,-1.0,-13.408812522888184,-13.408812522888184
M2048R,-1.0,-13.410828590393066,-13.410828590393066
M2048T,-0.982748812,-13.411844253540039,-13.411844253540039
M2048Q,-1.0,-13.414230346679688,-13.414230346679688
R2049E,-1.0,-13.407143592834473,-13.407143592834473
R2049C,-0.814293788,-13.411494255065918,-13.411494255065918
R2049Y,-0.749895497,-13.409781455993652,-13.409781455993652
R2049W,-0.95242083,-13.412349700927734,-13.412349700927734
R2049V,-0.958217825,-13.411273002624512,-13.411273002624512
R2049T,-0.947379194,-13.414033889770508,-13.414033889770508
R2049S,-0.647677787,-13.409734725952148,-13.409734725952148
R2049D,-1.0,-13.411309242248535,-13.411309242248535
R2049P,-1.0,-13.411547660827637,-13.411547660827637
R2049Q,-0.7431188590000001,-13.409647941589355,-13.409647941589355
R2049F,-0.641832336,-13.409171104431152,-13.409171104431152
R2049G,-0.656683153,-13.406851768493652,-13.406851768493652
R2049H,-0.576463682,-13.409217834472656,-13.409217834472656
R2049I,-1.0,-13.409185409545898,-13.409185409545898
R2049A,-0.447665895,-13.408305168151855,-13.408305168151855
R2049K,-0.136637085,-13.41247844696045,-13.41247844696045
R2049L,-0.605164005,-13.412549018859863,-13.412549018859863
R2049M,-0.322727534,-13.410948753356934,-13.410948753356934
R2049N,-0.8607519579999999,-13.408873558044434,-13.408873558044434
I2050A,-0.903082894,-13.41116714477539,-13.41116714477539
I2050C,-0.657343026,-13.40863037109375,-13.40863037109375
I2050D,-1.0,-13.41098690032959,-13.41098690032959
I2050E,-1.0,-13.412060737609863,-13.412060737609863
I2050F,-1.0,-13.412081718444824,-13.412081718444824
I2050G,-1.0,-13.408612251281738,-13.408612251281738
I2050H,-1.0,-13.403836250305176,-13.403836250305176
I2050K,-1.0,-13.412342071533203,-13.412342071533203
I2050M,0.186361006,-13.41220760345459,-13.41220760345459
I2050Y,-1.0,-13.413155555725098,-13.413155555725098
I2050N,-1.0,-13.408462524414062,-13.408462524414062
I2050P,-1.0,-13.411965370178223,-13.411965370178223
I2050Q,-0.47911798,-13.412614822387695,-13.412614822387695
I2050S,-0.7875148259999999,-13.409320831298828,-13.409320831298828
I2050T,-0.181200872,-13.40906047821045,-13.40906047821045
I2050V,-0.33843088,-13.410160064697266,-13.410160064697266
I2050W,-1.0,-13.41091251373291,-13.41091251373291
I2050L,0.66114434,-13.409964561462402,-13.409964561462402
I2050R,-1.0,-13.412020683288574,-13.412020683288574
T2051V,-0.2463815060000001,-13.407266616821289,-13.407266616821289
T2051C,0.064953915,-13.413589477539062,-13.413589477539062
T2051Y,-0.020414356,-13.4102783203125,-13.4102783203125
T2051W,-0.333611308,-13.413864135742188,-13.413864135742188
T2051S,-0.142115902,-13.408998489379883,-13.408998489379883
T2051R,-0.586067937,-13.412243843078613,-13.412243843078613
T2051P,-1.0,-13.409727096557617,-13.409727096557617
T2051N,-0.271641772,-13.410778045654297,-13.410778045654297
T2051M,-0.228365999,-13.4111967086792,-13.4111967086792
T2051A,-0.153087644,-13.41169261932373,-13.41169261932373
T2051K,-0.8666955559999999,-13.4068603515625,-13.4068603515625
T2051I,-0.134537793,-13.409479141235352,-13.409479141235352
T2051G,-0.671974402,-13.407617568969727,-13.407617568969727
T2051F,-0.404861449,-13.409431457519531,-13.409431457519531
T2051E,-0.283557298,-13.411369323730469,-13.411369323730469
T2051D,-0.97023595,-13.408848762512207,-13.408848762512207
T2051L,-0.159036165,-13.41132926940918,-13.41132926940918
G2052W,-0.981437128,-13.412554740905762,-13.412554740905762
G2052V,-1.0,-13.41302490234375,-13.41302490234375
G2052T,-1.0,-13.409399032592773,-13.409399032592773
G2052S,-1.0,-13.409826278686523,-13.409826278686523
G2052R,-1.0,-13.40783405303955,-13.40783405303955
G2052Q,-1.0,-13.410905838012695,-13.410905838012695
G2052P,-1.0,-13.410126686096191,-13.410126686096191
G2052K,-1.0,-13.411948204040527,-13.411948204040527
G2052M,-1.0,-13.409770011901855,-13.409770011901855
G2052L,-1.0,-13.407930374145508,-13.407930374145508
G2052I,-1.0,-13.409549713134766,-13.409549713134766
G2052C,-1.0,-13.409722328186035,-13.409722328186035
G2052D,-1.0,-13.410383224487305,-13.410383224487305
G2052Y,-1.0,-13.411395072937012,-13.411395072937012
G2052E,-1.0,-13.410201072692871,-13.410201072692871
G2052N,-1.0,-13.40634822845459,-13.40634822845459
G2052H,-1.0,-13.407313346862793,-13.407313346862793
G2052F,-1.0,-13.407451629638672,-13.407451629638672
G2052A,-0.8716952579999999,-13.41072940826416,-13.41072940826416
P2053V,-1.0,-13.409310340881348,-13.409310340881348
P2053Y,-1.0,-13.406973838806152,-13.406973838806152
P2053R,-0.975834231,-13.408116340637207,-13.408116340637207
P2053Q,-1.0,-13.411555290222168,-13.411555290222168
P2053N,-0.938033412,-13.410137176513672,-13.410137176513672
P2053M,-1.0,-13.412710189819336,-13.412710189819336
P2053L,-1.0,-13.41090202331543,-13.41090202331543
P2053K,-1.0,-13.412751197814941,-13.412751197814941
P2053I,-1.0,-13.412992477416992,-13.412992477416992
P2053H,-1.0,-13.410956382751465,-13.410956382751465
P2053G,-0.993545947,-13.407800674438477,-13.407800674438477
P2053F,-1.0,-13.411033630371094,-13.411033630371094
P2053E,-1.0,-13.409381866455078,-13.409381866455078
P2053S,-0.293906016,-13.411214828491211,-13.411214828491211
P2053D,-0.839380522,-13.411251068115234,-13.411251068115234
P2053C,-1.0,-13.410340309143066,-13.410340309143066
P2053A,-0.367728636,-13.411993980407715,-13.411993980407715
P2053W,-1.0,-13.411486625671387,-13.411486625671387
P2053T,-0.936222423,-13.410597801208496,-13.410597801208496
K2054T,-0.53527599,-13.411334991455078,-13.411334991455078
K2054A,-0.516847719,-13.406540870666504,-13.406540870666504
K2054V,-0.798115273,-13.409770011901855,-13.409770011901855
K2054W,-0.73599994,-13.409756660461426,-13.409756660461426
K2054R,-0.105237024,-13.407537460327148,-13.407537460327148
K2054Q,-0.341769788,-13.413324356079102,-13.413324356079102
K2054P,-0.584318937,-13.411355018615723,-13.411355018615723
K2054N,-0.69136307,-13.410222053527832,-13.410222053527832
K2054S,-0.275039598,-13.411378860473633,-13.411378860473633
K2054M,-0.618096372,-13.40853214263916,-13.40853214263916
K2054I,-0.920275596,-13.406719207763672,-13.406719207763672
K2054H,-0.543666901,-13.408373832702637,-13.408373832702637
K2054G,-0.393125241,-13.4132719039917,-13.4132719039917
K2054F,-0.888648922,-13.40782642364502,-13.40782642364502
K2054E,-1.0,-13.411654472351074,-13.411654472351074
K2054D,-1.0,-13.409528732299805,-13.409528732299805
K2054C,-0.926016818,-13.409933090209961,-13.409933090209961
K2054L,-0.904668781,-13.411079406738281,-13.411079406738281
K2054Y,-0.8221674309999999,-13.413476943969727,-13.413476943969727
T2055V,-0.494270419,-13.409116744995117,-13.409116744995117
T2055Y,-0.458519634,-13.408869743347168,-13.408869743347168
T2055W,-0.12451454,-13.405312538146973,-13.405312538146973
T2055D,-1.0,-13.409093856811523,-13.409093856811523
T2055Q,-0.604308805,-13.409802436828613,-13.409802436828613
T2055P,-1.0,-13.410690307617188,-13.410690307617188
T2055R,-0.048099146,-13.411236763000488,-13.411236763000488
T2055N,-0.6375484,-13.410943031311035,-13.410943031311035
T2055M,-0.26838802,-13.411206245422363,-13.411206245422363
T2055L,-0.337421709,-13.408628463745117,-13.408628463745117
T2055I,-0.51141589,-13.410805702209473,-13.410805702209473
T2055H,-0.146232429,-13.411904335021973,-13.411904335021973
T2055K,-0.47730517,-13.411507606506348,-13.411507606506348
T2055F,-0.479442684,-13.41107177734375,-13.41107177734375
T2055S,-0.135540147,-13.40943717956543,-13.40943717956543
T2055E,-1.0,-13.407735824584961,-13.407735824584961
T2055C,-0.400875461,-13.412196159362793,-13.412196159362793
T2055A,-0.186424683,-13.409295082092285,-13.409295082092285
T2055G,-0.233983309,-13.408785820007324,-13.408785820007324
C2056N,-1.0,-13.41107177734375,-13.41107177734375
C2056H,-1.0,-13.410236358642578,-13.410236358642578
C2056G,-1.0,-13.407750129699707,-13.407750129699707
C2056A,-1.0,-13.408483505249023,-13.408483505249023
C2056D,-1.0,-13.411449432373047,-13.411449432373047
C2056I,-1.0,-13.408941268920898,-13.408941268920898
C2056K,-1.0,-13.410840034484863,-13.410840034484863
C2056L,-1.0,-13.409201622009277,-13.409201622009277
C2056M,-1.0,-13.409883499145508,-13.409883499145508
C2056P,-1.0,-13.41179084777832,-13.41179084777832
C2056Q,-1.0,-13.407779693603516,-13.407779693603516
C2056R,-0.978748589,-13.407495498657227,-13.407495498657227
C2056E,-1.0,-13.407370567321777,-13.407370567321777
C2056Y,-0.95262292,-13.410785675048828,-13.410785675048828
C2056W,-1.0,-13.41386890411377,-13.41386890411377
C2056F,-1.0,-13.409012794494629,-13.409012794494629
C2056T,-1.0,-13.409281730651855,-13.409281730651855
C2056S,-1.0,-13.409542083740234,-13.409542083740234
C2056V,-1.0,-13.409160614013672,-13.409160614013672
M2057P,-1.0,-13.406901359558105,-13.406901359558105
M2057N,-0.583749369,-13.409244537353516,-13.409244537353516
M2057L,-0.18371363,-13.41005802154541,-13.41005802154541
M2057K,-0.77032895,-13.410030364990234,-13.410030364990234
M2057Y,-0.190674827,-13.405683517456055,-13.405683517456055
M2057I,-0.08148034,-13.40998363494873,-13.40998363494873
M2057H,-0.837984594,-13.40927791595459,-13.40927791595459
M2057F,-0.077533184,-13.40993881225586,-13.40993881225586
M2057E,-1.0,-13.408483505249023,-13.408483505249023
M2057C,0.022016569,-13.408740997314453,-13.408740997314453
M2057A,-0.127072101,-13.413247108459473,-13.413247108459473
M2057S,-0.02545913,-13.406301498413086,-13.406301498413086
M2057T,-0.139374633,-13.408928871154785,-13.408928871154785
M2057V,-0.219472241,-13.411255836486816,-13.411255836486816
M2057W,-0.138982331,-13.407567977905273,-13.407567977905273
M2057G,-0.7048148470000001,-13.408761024475098,-13.408761024475098
M2057D,-1.0,-13.411043167114258,-13.411043167114258
M2057R,-0.558673467,-13.411378860473633,-13.411378860473633
M2057Q,-1.0,-13.408553123474121,-13.408553123474121
N2058A,-1.0,-13.40749454498291,-13.40749454498291
N2058S,-0.986004534,-13.41302490234375,-13.41302490234375
N2058C,-0.946532375,-13.406092643737793,-13.406092643737793
N2058D,-0.975335219,-13.412985801696777,-13.412985801696777
N2058E,-1.0,-13.410934448242188,-13.410934448242188
N2058F,-1.0,-13.408740997314453,-13.408740997314453
N2058G,-1.0,-13.409653663635254,-13.409653663635254
N2058I,-1.0,-13.411969184875488,-13.411969184875488
N2058K,-1.0,-13.41108226776123,-13.41108226776123
N2058H,-0.851223411,-13.411311149597168,-13.411311149597168
N2058M,-1.0,-13.40955638885498,-13.40955638885498
N2058L,-1.0,-13.410178184509277,-13.410178184509277
N2058V,-1.0,-13.406193733215332,-13.406193733215332
N2058W,-1.0,-13.406900405883789,-13.406900405883789
N2058Y,-1.0,-13.40993595123291,-13.40993595123291
N2058T,-1.0,-13.407773971557617,-13.407773971557617
N2058Q,-1.0,-13.409822463989258,-13.409822463989258
N2058P,-1.0,-13.408550262451172,-13.408550262451172
N2058R,-1.0,-13.40887451171875,-13.40887451171875
T2059K,-1.0,-13.408265113830566,-13.408265113830566
T2059D,-1.0,-13.411155700683594,-13.411155700683594
T2059E,-1.0,-13.41029167175293,-13.41029167175293
T2059F,-0.598931501,-13.410337448120117,-13.410337448120117
T2059G,-0.95610814,-13.41220760345459,-13.41220760345459
T2059H,-0.932122096,-13.410515785217285,-13.410515785217285
T2059I,0.355687235,-13.409903526306152,-13.409903526306152
T2059L,0.468227622,-13.410276412963867,-13.410276412963867
T2059Y,-0.644776818,-13.411295890808105,-13.411295890808105
T2059N,-1.0,-13.409863471984863,-13.409863471984863
T2059P,-1.0,-13.407088279724121,-13.407088279724121
T2059Q,-0.963946742,-13.410543441772461,-13.410543441772461
T2059R,-0.938999371,-13.4114351272583,-13.4114351272583
T2059S,-0.063735684,-13.408493995666504,-13.408493995666504
T2059V,0.162496999,-13.40672492980957,-13.40672492980957
T2059C,-0.7918338629999999,-13.4116849899292,-13.4116849899292
T2059W,-0.803588723,-13.410365104675293,-13.410365104675293
T2059M,0.3440873,-13.411937713623047,-13.411937713623047
T2059A,-0.290498148,-13.408138275146484,-13.408138275146484
W2060S,-1.0,-13.408711433410645,-13.408711433410645
W2060V,-1.0,-13.412687301635742,-13.412687301635742
W2060Y,-0.4725610870000001,-13.412890434265137,-13.412890434265137
W2060C,-1.0,-13.407081604003906,-13.407081604003906
W2060D,-1.0,-13.411762237548828,-13.411762237548828
W2060E,-1.0,-13.40975570678711,-13.40975570678711
W2060F,-0.723597629,-13.4122314453125,-13.4122314453125
W2060G,-1.0,-13.409083366394043,-13.409083366394043
W2060H,-1.0,-13.409137725830078,-13.409137725830078
W2060I,-1.0,-13.412409782409668,-13.412409782409668
W2060A,-1.0,-13.412898063659668,-13.412898063659668
W2060L,-0.949360433,-13.407092094421387,-13.407092094421387
W2060M,-1.0,-13.405733108520508,-13.405733108520508
W2060N,-1.0,-13.409252166748047,-13.409252166748047
W2060P,-1.0,-13.409235000610352,-13.409235000610352
W2060Q,-1.0,-13.410285949707031,-13.410285949707031
W2060R,-0.960425465,-13.406098365783691,-13.406098365783691
W2060T,-1.0,-13.407069206237793,-13.407069206237793
W2060K,-1.0,-13.41238784790039,-13.41238784790039
Q2061W,-0.075434088,-13.407485961914062,-13.407485961914062
Q2061V,-0.09483274,-13.409550666809082,-13.409550666809082
Q2061T,0.083354316,-13.408793449401855,-13.408793449401855
Q2061S,-0.010968539,-13.40796184539795,-13.40796184539795
Q2061R,-0.179371721,-13.409481048583984,-13.409481048583984
Q2061P,-1.0,-13.409818649291992,-13.409818649291992
Q2061N,0.030386983,-13.411611557006836,-13.411611557006836
Q2061K,-0.486310721,-13.41128158569336,-13.41128158569336
Q2061L,-0.097115172,-13.411089897155762,-13.411089897155762
Q2061I,-0.069592434,-13.408819198608398,-13.408819198608398
Q2061H,0.198823864,-13.408485412597656,-13.408485412597656
Q2061G,0.015683281,-13.41291332244873,-13.41291332244873
Q2061F,0.113742255,-13.409197807312012,-13.409197807312012
Q2061Y,-0.184797043,-13.408918380737305,-13.408918380737305
Q2061E,-0.56074969,-13.412055969238281,-13.412055969238281
Q2061M,0.017773099,-13.410531044006348,-13.410531044006348
Q2061A,0.084476581,-13.407958984375,-13.407958984375
Q2061D,-0.775715431,-13.409526824951172,-13.409526824951172
Q2061C,-0.177950736,-13.410593032836914,-13.410593032836914
G2062A,-0.342258214,-13.409629821777344,-13.409629821777344
G2062Y,-0.969000088,-13.410494804382324,-13.410494804382324
G2062W,-1.0,-13.410991668701172,-13.410991668701172
G2062V,-1.0,-13.409794807434082,-13.409794807434082
G2062T,-0.976155152,-13.408841133117676,-13.408841133117676
G2062S,-0.4533935220000001,-13.408554077148438,-13.408554077148438
G2062R,-0.942356253,-13.410399436950684,-13.410399436950684
G2062Q,-0.976899348,-13.40994644165039,-13.40994644165039
G2062P,-1.0,-13.409346580505371,-13.409346580505371
G2062N,-0.399962984,-13.410721778869629,-13.410721778869629
G2062L,-0.996283305,-13.410019874572754,-13.410019874572754
G2062K,-0.938124629,-13.410910606384277,-13.410910606384277
G2062I,-1.0,-13.412619590759277,-13.412619590759277
G2062H,-0.695044405,-13.4116849899292,-13.4116849899292
G2062F,-1.0,-13.41213321685791,-13.41213321685791
G2062E,-1.0,-13.408624649047852,-13.408624649047852
G2062D,-0.984718212,-13.410341262817383,-13.410341262817383
G2062C,-0.7209437740000001,-13.409836769104004,-13.409836769104004
G2062M,-0.972528766,-13.41230297088623,-13.41230297088623
T2063K,-0.865014209,-13.41012954711914,-13.41012954711914
T2063L,-1.0,-13.411574363708496,-13.411574363708496
T2063D,-1.0,-13.413225173950195,-13.413225173950195
T2063E,-1.0,-13.410070419311523,-13.410070419311523
T2063F,-1.0,-13.409425735473633,-13.409425735473633
T2063G,-0.358592843,-13.409978866577148,-13.409978866577148
T2063H,-1.0,-13.410299301147461,-13.410299301147461
T2063I,-1.0,-13.410486221313477,-13.410486221313477
T2063M,-1.0,-13.410512924194336,-13.410512924194336
T2063N,-1.0,-13.410270690917969,-13.410270690917969
T2063A,-0.059041609,-13.408068656921387,-13.408068656921387
T2063P,-1.0,-13.407602310180664,-13.407602310180664
T2063R,-0.582126359,-13.409778594970703,-13.409778594970703
T2063S,0.027530768,-13.412592887878418,-13.412592887878418
T2063V,-1.0,-13.411283493041992,-13.411283493041992
T2063W,-1.0,-13.410059928894043,-13.410059928894043
T2063Y,-1.0,-13.407837867736816,-13.407837867736816
T2063Q,-0.910685182,-13.406256675720215,-13.406256675720215
T2063C,-0.416313056,-13.409704208374023,-13.409704208374023
F2064C,-1.0,-13.409209251403809,-13.409209251403809
F2064A,-1.0,-13.411499977111816,-13.411499977111816
F2064G,-1.0,-13.405034065246582,-13.405034065246582
F2064E,-1.0,-13.407292366027832,-13.407292366027832
F2064I,-1.0,-13.4087553024292,-13.4087553024292
F2064D,-1.0,-13.409111976623535,-13.409111976623535
F2064K,-1.0,-13.408872604370117,-13.408872604370117
F2064L,-0.96982425,-13.407793998718262,-13.407793998718262
F2064M,-1.0,-13.409017562866211,-13.409017562866211
F2064N,-1.0,-13.408936500549316,-13.408936500549316
F2064Q,-1.0,-13.413324356079102,-13.413324356079102
F2064R,-1.0,-13.411824226379395,-13.411824226379395
F2064P,-1.0,-13.40698528289795,-13.40698528289795
F2064T,-1.0,-13.406407356262207,-13.406407356262207
F2064V,-1.0,-13.406943321228027,-13.406943321228027
F2064W,-1.0,-13.408249855041504,-13.408249855041504
F2064Y,-1.0,-13.410626411437988,-13.410626411437988
F2064S,-0.989881648,-13.40699577331543,-13.40699577331543
F2064H,-1.0,-13.412507057189941,-13.412507057189941
P2065L,-1.0,-13.408527374267578,-13.408527374267578
P2065F,-1.0,-13.404651641845703,-13.404651641845703
P2065E,-1.0,-13.408708572387695,-13.408708572387695
P2065D,-1.0,-13.406283378601074,-13.406283378601074
P2065G,-1.0,-13.408535957336426,-13.408535957336426
P2065H,-1.0,-13.40694808959961,-13.40694808959961
P2065I,-1.0,-13.409811973571777,-13.409811973571777
P2065K,-1.0,-13.409122467041016,-13.409122467041016
P2065Y,-1.0,-13.409513473510742,-13.409513473510742
P2065N,-1.0,-13.406537055969238,-13.406537055969238
P2065Q,-1.0,-13.409069061279297,-13.409069061279297
P2065R,-1.0,-13.411127090454102,-13.411127090454102
P2065S,-1.0,-13.40925121307373,-13.40925121307373
P2065T,-1.0,-13.410109519958496,-13.410109519958496
P2065A,-1.0,-13.41059684753418,-13.41059684753418
P2065V,-1.0,-13.410234451293945,-13.410234451293945
P2065W,-1.0,-13.408782005310059,-13.408782005310059
P2065M,-1.0,-13.40861988067627,-13.40861988067627
P2065C,-1.0,-13.412898063659668,-13.412898063659668
I2066A,-1.0,-13.408828735351562,-13.408828735351562
I2066V,0.152003069,-13.41128158569336,-13.41128158569336
I2066Y,-1.0,-13.413042068481445,-13.413042068481445
I2066S,-1.0,-13.410246849060059,-13.410246849060059
I2066R,-1.0,-13.409451484680176,-13.409451484680176
I2066Q,-1.0,-13.41026782989502,-13.41026782989502
I2066P,-1.0,-13.41065502166748,-13.41065502166748
I2066N,-1.0,-13.409859657287598,-13.409859657287598
I2066M,-0.678383608,-13.408995628356934,-13.408995628356934
I2066L,-0.495908287,-13.407042503356934,-13.407042503356934
I2066K,-1.0,-13.41122817993164,-13.41122817993164
I2066H,-1.0,-13.410994529724121,-13.410994529724121
I2066G,-1.0,-13.409785270690918,-13.409785270690918
I2066F,-1.0,-13.409712791442871,-13.409712791442871
I2066E,-1.0,-13.4100980758667,-13.4100980758667
I2066D,-1.0,-13.405241966247559,-13.405241966247559
I2066C,-1.0,-13.409306526184082,-13.409306526184082
I2066W,-1.0,-13.40854549407959,-13.40854549407959
I2066T,-0.979357368,-13.411493301391602,-13.411493301391602
N2067C,-1.0,-13.408364295959473,-13.408364295959473
N2067V,-1.0,-13.410980224609375,-13.410980224609375
N2067T,-1.0,-13.411110877990723,-13.411110877990723
N2067S,-1.0,-13.410346031188965,-13.410346031188965
N2067R,-1.0,-13.410568237304688,-13.410568237304688
N2067Q,-1.0,-13.409472465515137,-13.409472465515137
N2067P,-1.0,-13.408377647399902,-13.408377647399902
N2067M,-1.0,-13.41139030456543,-13.41139030456543
N2067L,-1.0,-13.411452293395996,-13.411452293395996
N2067I,-1.0,-13.406999588012695,-13.406999588012695
N2067H,-1.0,-13.410715103149414,-13.410715103149414
N2067G,-1.0,-13.40693473815918,-13.40693473815918
N2067F,-1.0,-13.409892082214355,-13.409892082214355
N2067E,-1.0,-13.413084983825684,-13.413084983825684
N2067D,-1.0,-13.409587860107422,-13.409587860107422
N2067A,-1.0,-13.409302711486816,-13.409302711486816
N2067K,-0.954625343,-13.412810325622559,-13.412810325622559
N2067W,-1.0,-13.411717414855957,-13.411717414855957
N2067Y,-1.0,-13.408493995666504,-13.408493995666504
C2068E,-0.786640916,-13.410552978515625,-13.410552978515625
C2068D,-0.805778993,-13.409807205200195,-13.409807205200195
C2068A,-0.1717479089999999,-13.411680221557617,-13.411680221557617
C2068H,-0.7085714470000001,-13.410853385925293,-13.410853385925293
C2068I,-0.468462767,-13.40993881225586,-13.40993881225586
C2068K,-1.0,-13.409818649291992,-13.409818649291992
C2068L,-0.37581746,-13.409491539001465,-13.409491539001465
C2068M,-0.207458641,-13.415411949157715,-13.415411949157715
C2068N,-0.250431862,-13.407787322998047,-13.407787322998047
C2068P,-0.371954644,-13.408672332763672,-13.408672332763672
C2068Q,-0.650876016,-13.413990020751953,-13.413990020751953
C2068R,-0.929494855,-13.408646583557129,-13.408646583557129
C2068S,-0.179774164,-13.410435676574707,-13.410435676574707
C2068T,-0.343208271,-13.410505294799805,-13.410505294799805
C2068V,-0.7599812440000001,-13.404449462890625,-13.404449462890625
C2068W,-0.5255045079999999,-13.411235809326172,-13.411235809326172
C2068Y,-0.288420221,-13.409344673156738,-13.409344673156738
C2068G,-0.802497703,-13.411125183105469,-13.411125183105469
C2068F,-0.339079792,-13.411839485168457,-13.411839485168457
Y2069S,-0.764782854,-13.408506393432617,-13.408506393432617
Y2069A,-0.822062009,-13.410730361938477,-13.410730361938477
Y2069C,-0.448566802,-13.411561012268066,-13.411561012268066
Y2069D,-1.0,-13.40958309173584,-13.40958309173584
Y2069E,-1.0,-13.411680221557617,-13.411680221557617
Y2069F,-0.455309185,-13.410543441772461,-13.410543441772461
Y2069G,-0.971108547,-13.414377212524414,-13.414377212524414
Y2069H,-0.424899633,-13.410186767578125,-13.410186767578125
Y2069I,-1.0,-13.411633491516113,-13.411633491516113
Y2069L,-0.8565775859999999,-13.411255836486816,-13.411255836486816
Y2069M,-0.873922144,-13.411503791809082,-13.411503791809082
Y2069N,-0.558280032,-13.410028457641602,-13.410028457641602
Y2069P,-1.0,-13.410642623901367,-13.410642623901367
Y2069Q,-0.884562988,-13.410439491271973,-13.410439491271973
Y2069R,-0.990490565,-13.410412788391113,-13.410412788391113
Y2069T,-0.71680854,-13.406103134155273,-13.406103134155273
Y2069K,-1.0,-13.410096168518066,-13.410096168518066
Y2069W,-0.175277536,-13.409674644470215,-13.409674644470215
Y2069V,-1.0,-13.41192626953125,-13.41192626953125
T2070D,-1.0,-13.413337707519531,-13.413337707519531
T2070Y,-1.0,-13.409734725952148,-13.409734725952148
T2070W,-1.0,-13.411741256713867,-13.411741256713867
T2070V,-0.989296796,-13.409758567810059,-13.409758567810059
T2070S,-0.824789,-13.411593437194824,-13.411593437194824
T2070R,-1.0,-13.404136657714844,-13.404136657714844
T2070Q,-1.0,-13.409835815429688,-13.409835815429688
T2070P,-1.0,-13.414033889770508,-13.414033889770508
T2070N,-1.0,-13.409626007080078,-13.409626007080078
T2070M,-0.94891785,-13.409758567810059,-13.409758567810059
T2070L,-1.0,-13.411890983581543,-13.411890983581543
T2070K,-1.0,-13.409086227416992,-13.409086227416992
T2070I,-1.0,-13.409003257751465,-13.409003257751465
T2070H,-1.0,-13.410744667053223,-13.410744667053223
T2070G,-1.0,-13.409451484680176,-13.409451484680176
T2070F,-1.0,-13.408576011657715,-13.408576011657715
T2070E,-1.0,-13.413196563720703,-13.413196563720703
T2070A,-0.965318004,-13.409950256347656,-13.409950256347656
T2070C,-1.0,-13.413378715515137,-13.413378715515137
E2071Y,-0.956533637,-13.407388687133789,-13.407388687133789
E2071W,-1.0,-13.412769317626953,-13.412769317626953
E2071T,-0.645840781,-13.411231994628906,-13.411231994628906
E2071A,-0.65415593,-13.410012245178223,-13.410012245178223
E2071C,-0.935360954,-13.404413223266602,-13.404413223266602
E2071D,-0.328818616,-13.414678573608398,-13.414678573608398
E2071F,-0.975436241,-13.411460876464844,-13.411460876464844
E2071G,-0.6062059,-13.407143592834473,-13.407143592834473
E2071H,-0.872749815,-13.411834716796875,-13.411834716796875
E2071V,-0.640001956,-13.408539772033691,-13.408539772033691
E2071I,-0.526610538,-13.408951759338379,-13.408951759338379
E2071L,-0.537068409,-13.411012649536133,-13.411012649536133
E2071M,-0.6822562990000001,-13.410028457641602,-13.410028457641602
E2071N,-0.660929051,-13.409870147705078,-13.409870147705078
E2071P,-1.0,-13.413849830627441,-13.413849830627441
E2071Q,-0.831523087,-13.412813186645508,-13.412813186645508
E2071R,-0.92753304,-13.410380363464355,-13.410380363464355
E2071S,-0.642001802,-13.40770149230957,-13.40770149230957
E2071K,-0.968609665,-13.408971786499023,-13.408971786499023
G2072A,-1.0,-13.408002853393555,-13.408002853393555
G2072C,-1.0,-13.411535263061523,-13.411535263061523
G2072M,-1.0,-13.408756256103516,-13.408756256103516
G2072W,-1.0,-13.411880493164062,-13.411880493164062
G2072Y,-1.0,-13.41546630859375,-13.41546630859375
G2072V,-1.0,-13.409214973449707,-13.409214973449707
G2072T,-1.0,-13.411934852600098,-13.411934852600098
G2072S,-1.0,-13.40958023071289,-13.40958023071289
G2072R,-1.0,-13.410097122192383,-13.410097122192383
G2072Q,-1.0,-13.412199974060059,-13.412199974060059
G2072P,-1.0,-13.413763999938965,-13.413763999938965
G2072N,-1.0,-13.411293029785156,-13.411293029785156
G2072L,-1.0,-13.408391952514648,-13.408391952514648
G2072K,-1.0,-13.411527633666992,-13.411527633666992
G2072I,-1.0,-13.406695365905762,-13.406695365905762
G2072H,-1.0,-13.413091659545898,-13.413091659545898
G2072D,-0.979139971,-13.412769317626953,-13.412769317626953
G2072F,-1.0,-13.409745216369629,-13.409745216369629
G2072E,-1.0,-13.413163185119629,-13.413163185119629
Q2073T,-0.302274747,-13.410406112670898,-13.410406112670898
Q2073S,-0.173731051,-13.40821647644043,-13.40821647644043
Q2073W,-0.969342935,-13.41042423248291,-13.41042423248291
Q2073P,-0.3774620520000001,-13.408602714538574,-13.408602714538574
Q2073Y,-0.452256418,-13.413032531738281,-13.413032531738281
Q2073V,-0.501055424,-13.409832000732422,-13.409832000732422
Q2073A,-0.232096925,-13.413637161254883,-13.413637161254883
Q2073C,-0.393351302,-13.407337188720703,-13.407337188720703
Q2073R,-0.931755413,-13.41032600402832,-13.41032600402832
Q2073E,-0.069304908,-13.405941009521484,-13.405941009521484
Q2073F,-0.5912312120000001,-13.408773422241211,-13.408773422241211
Q2073D,0.192157633,-13.409233093261719,-13.409233093261719
Q2073H,-0.309510183,-13.410758972167969,-13.410758972167969
Q2073I,-0.09896605,-13.409211158752441,-13.409211158752441
Q2073K,-0.953935387,-13.41036319732666,-13.41036319732666
Q2073L,-0.207570573,-13.410371780395508,-13.410371780395508
Q2073M,-0.34926159,-13.40915584564209,-13.40915584564209
Q2073N,0.09874482,-13.408660888671875,-13.408660888671875
Q2073G,-0.912211729,-13.408902168273926,-13.408902168273926
C2074K,-1.0,-13.410177230834961,-13.410177230834961
C2074D,-1.0,-13.411685943603516,-13.411685943603516
C2074E,-1.0,-13.413812637329102,-13.413812637329102
C2074F,-1.0,-13.411581039428711,-13.411581039428711
C2074G,-0.7667890620000001,-13.409010887145996,-13.409010887145996
C2074H,-1.0,-13.407231330871582,-13.407231330871582
C2074I,-1.0,-13.40800952911377,-13.40800952911377
C2074L,-0.939337378,-13.407204627990723,-13.407204627990723
C2074A,0.37189697,-13.409248352050781,-13.409248352050781
C2074N,-1.0,-13.408480644226074,-13.408480644226074
C2074P,-0.313581237,-13.408380508422852,-13.408380508422852
C2074Q,-1.0,-13.409208297729492,-13.409208297729492
C2074R,-0.993178085,-13.411526679992676,-13.411526679992676
C2074S,-0.916952274,-13.410832405090332,-13.410832405090332
C2074T,-1.0,-13.408573150634766,-13.408573150634766
C2074V,-1.0,-13.408966064453125,-13.408966064453125
C2074W,-1.0,-13.411722183227539,-13.411722183227539
C2074Y,-1.0,-13.415987014770508,-13.415987014770508
C2074M,-1.0,-13.412622451782227,-13.412622451782227
A2075I,-0.398053856,-13.410616874694824,-13.410616874694824
A2075H,-0.652894765,-13.410876274108887,-13.410876274108887
A2075G,-0.08306113,-13.407397270202637,-13.407397270202637
A2075C,-0.078191723,-13.409536361694336,-13.409536361694336
A2075E,-0.349724686,-13.413228034973145,-13.413228034973145
A2075D,-0.478998933,-13.414881706237793,-13.414881706237793
A2075K,-0.418006963,-13.412903785705566,-13.412903785705566
A2075F,-0.7663616809999999,-13.407496452331543,-13.407496452331543
A2075L,-0.326890532,-13.409687042236328,-13.409687042236328
A2075N,-0.500060857,-13.410985946655273,-13.410985946655273
A2075P,-1.0,-13.411347389221191,-13.411347389221191
A2075Q,-0.18772015,-13.413257598876953,-13.413257598876953
A2075R,-0.458620628,-13.411648750305176,-13.411648750305176
A2075S,-0.128394647,-13.411190032958984,-13.411190032958984
A2075T,-0.278506386,-13.412395477294922,-13.412395477294922
A2075V,-0.226734828,-13.407891273498535,-13.407891273498535
A2075W,-0.84966097,-13.407296180725098,-13.407296180725098
A2075Y,-0.938798798,-13.407010078430176,-13.407010078430176
A2075M,-0.103908579,-13.409445762634277,-13.409445762634277
P2076N,-1.0,-13.410311698913574,-13.410311698913574
P2076V,-0.564190923,-13.410093307495117,-13.410093307495117
P2076T,-1.0,-13.409197807312012,-13.409197807312012
P2076S,-0.991703727,-13.416244506835938,-13.416244506835938
P2076R,-1.0,-13.413207054138184,-13.413207054138184
P2076Q,-1.0,-13.408282279968262,-13.408282279968262
P2076M,-1.0,-13.409196853637695,-13.409196853637695
P2076G,-1.0,-13.408483505249023,-13.408483505249023
P2076K,-1.0,-13.4142427444458,-13.4142427444458
P2076L,-0.990248801,-13.412588119506836,-13.412588119506836
P2076A,-0.02705862,-13.406977653503418,-13.406977653503418
P2076C,-1.0,-13.409036636352539,-13.409036636352539
P2076D,-1.0,-13.410306930541992,-13.410306930541992
P2076W,-1.0,-13.412684440612793,-13.412684440612793
P2076F,-1.0,-13.40847396850586,-13.40847396850586
P2076Y,-1.0,-13.409526824951172,-13.409526824951172
P2076H,-1.0,-13.409587860107422,-13.409587860107422
P2076I,-1.0,-13.41236400604248,-13.41236400604248
P2076E,-1.0,-13.408146858215332,-13.408146858215332
K2077Y,-0.755158012,-13.41519546508789,-13.41519546508789
K2077A,0.045002597,-13.406024932861328,-13.406024932861328
K2077C,-0.091004381,-13.409661293029785,-13.409661293029785
K2077E,-0.83558429,-13.414548873901367,-13.414548873901367
K2077F,-0.635910561,-13.40837287902832,-13.40837287902832
K2077G,-1.0,-13.409120559692383,-13.409120559692383
K2077H,-0.120577634,-13.409647941589355,-13.409647941589355
K2077I,-0.111615793,-13.40649127960205,-13.40649127960205
K2077N,-0.063596846,-13.408198356628418,-13.408198356628418
K2077M,-0.214015439,-13.407149314880371,-13.407149314880371
K2077P,-1.0,-13.404277801513672,-13.404277801513672
K2077Q,-0.050131664,-13.40806770324707,-13.40806770324707
K2077S,-0.040991565,-13.413041114807129,-13.413041114807129
K2077T,-0.0058038269999999,-13.41063117980957,-13.41063117980957
K2077V,0.010535461,-13.40676212310791,-13.40676212310791
K2077W,-1.0,-13.410616874694824,-13.410616874694824
K2077L,-0.11301428,-13.411409378051758,-13.411409378051758
K2077R,-0.285720051,-13.405896186828613,-13.405896186828613
P2078Q,-1.0,-2.8486247062683105,-2.8486247062683105
P2078C,-1.0,-2.8487613201141357,-2.8487613201141357
P2078A,-1.0,-2.848323345184326,-2.848323345184326
P2078Y,-1.0,-2.848605155944824,-2.848605155944824
P2078W,-1.0,-2.8488540649414062,-2.8488540649414062
P2078V,-0.6277021389999999,-2.8483312129974365,-2.8483312129974365
P2078T,-1.0,-2.848499298095703,-2.848499298095703
P2078R,-1.0,-2.8485894203186035,-2.8485894203186035
P2078N,-1.0,-2.8486521244049072,-2.8486521244049072
P2078M,-1.0,-2.8488264083862305,-2.8488264083862305
P2078S,-0.995740139,-2.848562240600586,-2.848562240600586
P2078K,-1.0,-2.848810911178589,-2.848810911178589
P2078I,-0.965343566,-2.8485023975372314,-2.8485023975372314
P2078H,-1.0,-2.8486950397491455,-2.8486950397491455
P2078G,-1.0,-2.848233222961426,-2.848233222961426
P2078F,-1.0,-2.8485519886016846,-2.8485519886016846
P2078E,-1.0,-2.8486762046813965,-2.8486762046813965
P2078D,-1.0,-2.848639965057373,-2.848639965057373
P2078L,-0.964496033,-2.848254442214966,-2.848254442214966
P2079N,0.32063319,-13.412198066711426,-13.412198066711426
P2079Y,-0.178014599,-13.411983489990234,-13.411983489990234
P2079W,-0.062112118,-13.408502578735352,-13.408502578735352
P2079V,0.183431645,-13.41466999053955,-13.41466999053955
P2079S,0.084017838,-13.412130355834961,-13.412130355834961
P2079R,-0.036502455,-13.404656410217285,-13.404656410217285
P2079Q,0.212554347,-13.411578178405762,-13.411578178405762
P2079M,0.050827025,-13.408124923706055,-13.408124923706055
P2079C,0.051898251,-13.411356925964355,-13.411356925964355
P2079K,-0.028577456,-13.408381462097168,-13.408381462097168
P2079I,0.039744515,-13.411968231201172,-13.411968231201172
P2079H,-0.198763475,-13.4093599319458,-13.4093599319458
P2079G,0.05550889,-13.409052848815918,-13.409052848815918
P2079F,-0.238811534,-13.410595893859863,-13.410595893859863
P2079E,0.087763445,-13.41085433959961,-13.41085433959961
P2079D,0.106151303,-13.410402297973633,-13.410402297973633
P2079A,0.08270147,-13.406635284423828,-13.406635284423828
P2079L,0.245228288,-13.4109525680542,-13.4109525680542
P2079T,0.182392989,-13.41042423248291,-13.41042423248291
