mutant,score
Q2A,-0.8970310851738259
Q2G,-0.6951567318201519
Q2M,-0.04400494766633
Q2P,-0.95896650600607
Q2S,-0.329684744788882
Q2T,-0.372021021309757
Q2C,-0.442255226822666
I3T,-0.115326142706454
I3A,-0.192236410352055
I3C,-0.0347271497125879
I3L,0.012228225231046
I3M,0.007471288051717
I3N,-1.02715581984263
I3Q,-0.888551301448738
I3R,-0.328615780866018
I3S,-0.3466116392630229
I3G,-1.04216059040532
I3E,-0.99182935700166
I3V,0.033165988398962
F4Y,-0.352017369772865
F4W,-0.34011479807053
F4T,-0.6306613807991539
F4S,-0.7100811951141
F4Q,-0.729476248330564
F4P,-0.838038399098452
F4N,-0.796213800455875
F4M,-0.051247463287124
F4L,-0.07323424489327
F4H,-0.482094005508745
F4G,-0.5502721257992529
F4D,-0.652510433200009
F4I,-0.28689062217175
F4A,-0.613358311961341
F4C,-0.382844281967409
V5I,-0.028327739803521
V5D,-1.1024425404682
V5F,-0.153007678165966
V5L,-0.048449580621529
V5C,-0.017212443422742
V5G,-0.895055482535264
V5S,-0.51440168675162
V5A,-0.0386901302945489
V5T,-0.115842042566353
V5Y,-0.140956362457957
V5M,-0.083271220625888
K6P,-1.15003003676069
K6Q,-0.057020962749314
K6R,-0.052950435747872
K6S,-0.093892234657023
K6T,-0.107226576667595
K6L,-0.3584171941367971
K6W,-0.8936481441654391
K6V,-0.108392493246672
K6G,-0.129623119764219
K6I,-0.333140342007104
K6H,-0.105310902801335
K6N,-0.139278153908396
K6F,-0.614983749256544
K6E,-0.734944283607246
K6C,-0.483048084968621
K6A,-0.106336037569578
K6Y,-0.1892829289933949
K6M,-0.181928448728367
T7I,-0.7529590855840121
T7F,-0.8913555338364642
T7P,-0.3472513606358221
T7R,-0.7964898048574258
T7S,-0.015948669697832
T7V,-0.486844141989325
T7Y,-1.0815952163012
T7D,-0.937245537146814
T7C,-0.076225501565027
T7A,-0.009355666551173
T7N,-0.080059261788147
T7M,-0.4480506330887321
T7G,-0.145693922198785
T7H,-0.3707111756427341
T7L,-0.495494176219448
T7Q,-0.4854057715592121
T7E,-0.389447393215598
L8S,-0.6525881070315029
L8M,-0.342312435123169
L8N,-0.536214453414684
L8P,-0.873175129292804
L8R,-0.620222773821756
L8H,-0.8565617939668441
L8T,-0.908617169789074
L8V,-0.156038836572938
L8W,-1.11364770999094
L8Y,-0.685511585850256
L8G,-0.6231345052336811
L8F,-0.5889366375543149
L8K,-0.805187613487114
L8E,-0.6798270166324579
L8A,-0.662157314182418
L8C,-0.94342478685992
L8I,-0.070366268118148
T9G,-0.123071817580929
T9W,-1.11679043493738
T9A,-0.018508310988824
T9V,-0.058534801112538
T9S,-0.042506338616487
T9R,-0.4471555423220711
T9Q,-0.036131909065141
T9P,-0.205009851190817
T9N,-0.068074763778823
T9M,-0.0739482919231779
T9L,-0.0842019296171009
T9K,-1.1571241407201298
T9Y,-0.9234755470539392
T9F,-0.951547719735926
T9D,-0.6207277651655171
T9C,-0.0550724203632009
T9I,-0.107923459768841
T9H,-0.153314667494914
G10A,-0.471874486041849
G10C,-0.5393061096567849
G10D,-0.7303077953844179
G10E,-0.7563167897886509
G10H,-0.520815604079856
G10K,-1.0515312415609002
G10L,-0.6829919835646849
G10N,-0.115493142168213
G10P,-0.959673972698424
G10Q,-0.380713137248729
G10R,-0.711497341552909
G10T,-0.8514076921218809
G10S,-0.4998628182962679
K11Y,-0.6835990237039771
K11L,-0.166336624259941
K11I,-0.3319147278639289
K11H,-0.0673008002110659
K11G,-0.066906938417595
K11N,-0.054370387236625
K11F,-0.4704118216357879
K11E,-0.8865582360240041
K11D,-0.627556168231005
K11C,-0.124941489039968
K11P,-0.4541202177093939
K11Q,-0.056066783627117
K11R,-0.059448736212897
K11S,-0.032878672592911
K11T,-0.033951306092827
K11V,-0.30634905489261
K11W,-1.02539904324686
K11A,-0.0486737845858
K11M,-0.0604483134748979
T12I,-0.5387005500353901
T12F,-0.917513022349144
T12Y,-0.093985824768274
T12S,-0.006819946870849
T12P,-0.5622150234279929
T12N,-0.3334836645660529
T12H,-0.199321781051864
T12C,-0.0750123981760459
T12A,-0.413071261785726
I13H,-0.4710679910958239
I13K,-0.136868188266405
I13M,0.02197426673509
I13N,-0.059543315789452
I13P,-0.8677298353114019
I13D,-0.171749179816653
I13C,-0.148329806518882
I13A,-0.140296950826311
I13L,-0.005876861387335
I13Q,-0.185715446688731
I13R,-0.176596236756787
I13S,-0.060568872928099
I13T,0.004230069752064
I13V,-0.018074744942255
I13W,-0.74680580820401
I13Y,-0.372849263736434
I13G,-0.125068578791784
I13E,-0.171557189446064
T14V,-0.032348437716166
T14I,-0.163879043130246
T14A,0.003678971909694
T14G,-0.011534481375343
T14K,-0.5132699242968529
T14L,-0.493871279362014
T14P,-0.162295941397694
T14R,-0.378587737622012
T14S,0.008472068559023
T14C,-0.002825236104914
L15A,-0.0114255940331239
L15C,0.010588161907771
L15D,-0.911424482516771
L15E,-0.207374620792405
L15T,0.000799120302511
L15F,-0.003009845552427
L15G,-0.959055472212905
L15H,-0.457513884583952
L15I,0.009513827149418
L15M,-0.015353745508257
L15N,-1.4453825744533202
L15P,-0.4403291532983471
L15Y,-0.02884901515313
L15W,-0.574505749529063
L15V,0.017144981593235
L15S,-0.3786825250581721
L15Q,-0.068324513175685
L15R,-0.662016795829818
E16S,0.01311574215011
E16Y,-0.03411167153147
E16W,-0.026691569729396
E16V,-0.014906043646891
E16T,0.001278531531041
E16R,-0.01788267339631
E16Q,0.005040657527366
E16P,0.007131195628195
E16N,0.00344404956362
E16M,-0.000439223380867
E16L,-0.000578799058728
E16K,0.016613465315226
E16I,-0.018500579429319
E16D,0.003621646258814
E16A,-0.00047779270325
E16H,0.004897662010504
E16G,0.003730932571641
E16F,-0.027946578516123
E16C,-0.015367183929354
V17T,0.002964274657258
V17S,-0.002204743430867
V17R,-0.9192215160926308
V17Q,-0.034096484284941
V17P,-0.065875992722528
V17N,-0.089030738696795
V17Y,0.020693395254803
V17A,0.020548981440167
V17M,0.0025403990059
V17L,0.000868595201344
V17K,-1.33781738423571
V17I,-0.024844756958482
V17H,-0.029004868733919
V17G,-0.011478383348511
V17F,-0.050337618325065
V17E,-0.481432558472844
V17D,-0.947175997874926
V17C,0.018317689295351
V17W,-0.579925943926451
E18Y,-0.01849372578972
E18K,0.01631687517835
E18S,0.016135887591078
E18N,0.020929195863392
E18P,-0.007867354654914
E18Q,0.019705815562478
E18R,0.0069305241431519
E18V,0.024485614142127
E18T,0.015631789899401
E18I,0.023187625134906
E18W,-0.047679938195993
E18H,0.018145572246132
E18L,0.019125971340907
E18G,0.011211545530866
E18F,-0.032981663790544
E18D,0.016948536443867
E18C,0.00765410551615
E18A,0.019883066540472
E18M,0.016233750951168
S19G,-0.000667771389105
S19Y,-0.0050196232543479
S19W,-0.053055686669905
S19V,0.004387806304261
S19T,0.006973944181964
S19R,-0.00747952538968
S19Q,0.003788053491544
S19F,-0.021359286744174
S19P,0.00314576143838
S19K,-0.018479565625319
S19H,0.0071778659554929
S19D,-0.000108866821586
S19E,-0.00242192439345
S19N,0.007766865032208
S19M,-0.005505039556742
S19L,0.00261308790241
S19C,0.004209743247101
S19A,0.011759839009268
S19I,-0.011161230437563
S20Y,0.012462508810727
S20W,-0.032904430160075
S20V,0.009025886087426
S20T,0.020730146444245
S20R,0.017993846123124
S20Q,0.003731868418595
S20P,-0.04099382255386
S20N,0.010957110595636
S20M,0.02282888253065
S20L,0.017334799955081
S20K,0.022078555236116
S20I,0.012009074842408
S20H,0.018175063313607
S20G,0.018544979287858
S20F,0.001533105681494
S20E,-0.004080865767532
S20D,0.003367817450731
S20C,0.026935909922934
S20A,0.004655622883974
D21Y,-0.036553308662231
D21M,-0.001011720668252
D21L,-0.05412475628313
D21S,0.000233350279178
D21I,-0.055433414971965
D21T,-0.012264441596509
D21V,-0.0879829161970219
D21W,-0.049159216537415
D21K,-0.220102832742894
D21P,-1.04157845543272
D21N,0.026153557823249
D21Q,-0.017998968765355
D21R,-0.317037863864312
D21C,0.001131330128378
D21H,-0.022180902656106
D21G,-0.066941163076051
D21F,-0.059822084387465
D21E,-0.000411036688282
D21A,0.003962710568646
T22S,-0.046935532504077
T22V,-0.067663402679501
T22W,-0.17928750305215
T22Y,-0.086382445528263
T22R,-0.051567757923177
T22Q,-0.126492185502349
T22P,-0.064907216490422
T22N,-0.039112947855217
T22L,-0.101131234112371
T22K,-0.041657026380448
T22H,-0.064737586444989
T22G,-0.070083361230992
T22F,-0.124216114523773
T22E,-0.093328746809644
T22D,-0.039592916294874
T22C,-0.0873733280650519
T22A,-0.052565519134704
T22M,-0.064716453558987
T22I,-0.0475685257096209
I23V,-0.024970228204359
I23W,-1.39421460152857
I23C,-0.027830133303078
I23R,-0.21311835664587
I23Q,-0.22916951754602
I23P,-0.05757036887897
I23N,-0.6641672317696059
I23M,-0.010779713309908
I23L,0.006824995364388
I23H,-0.656544638741082
I23G,-0.2454396043209689
I23F,-0.084235856286297
I23E,-0.6880543458038061
I23A,-0.043716201594358
I23S,-0.083140769101299
I23T,-0.024495339640525
D24W,-0.238199681584452
D24V,-0.030545209657565
D24M,-0.051613494555228
D24N,-0.031381085646725
D24L,-0.106419477861072
D24A,-0.043167112741837
D24C,-0.023256102611822
D24E,-0.02226808621568
D24F,-0.138514479508686
D24G,-0.042773122650607
D24H,-0.085226223631886
D24I,-0.045926997415799
D24K,-0.180907751796548
D24P,-0.094679255983254
D24Q,-0.085133168095915
D24Y,-0.124354512952124
D24T,-0.018291086221744
D24S,-0.0257999597675
D24R,-0.150933262170453
N25P,-1.08793624158447
N25E,-0.000187033310668
N25F,-0.065085392119865
N25C,-0.017984686803201
N25A,-0.014312554476286
N25Y,-0.0637236873318909
N25Q,-0.013718750942313
N25D,0.008176668577728
N25V,-0.023426757275839
N25T,-0.014720057741626
N25G,-0.015584845422571
N25H,-0.023512163706319
N25S,-0.03169191685734
N25R,-0.014947926614618
N25K,-0.017199082251092
N25L,-0.048071703043662
N25M,-0.018937307966064
N25W,-0.0791045487814
N25I,-0.032325112410997
V26A,-0.104721361734646
V26C,-0.01549301319117
V26F,-0.358018879431685
V26I,-0.023193372818351
V26L,-0.023722786405594
V26M,-0.038623835097665
V26R,-0.6138802917714841
V26T,-0.052530154986872
K27R,-0.027549704085372
K27Y,-0.2571967087879789
K27W,-0.534305740433125
K27A,-0.161821202673845
K27C,-0.157594804111811
K27V,-0.756686264205505
K27F,-0.317619874255876
K27G,-0.115437163858427
K27H,-0.179282698006425
K27I,-0.567894249216788
K27L,-0.83776728344525
K27M,-0.311586601765359
K27N,-0.800136566573783
K27T,-0.198510074149571
K27Q,-0.075152788033009
K27S,-0.424181576120379
K27E,-0.782285658219462
S28D,-0.0093414169566969
S28C,-0.018000667509418
S28E,-0.060188032224306
S28F,-0.191838029240391
S28G,-0.050485131911632
S28H,-0.002359412688518
S28I,-0.115780720766436
S28K,-0.028215658339561
S28L,-0.059644552625304
S28M,-0.027160584029813
S28N,-0.018481447216687
S28P,-0.422504775848945
S28Q,-0.016689371068126
S28R,-0.050177429763482
S28T,-0.002982393384868
S28V,-0.050480331629315
S28W,-0.089176346989683
S28Y,-0.070685180713621
S28A,-0.020358824615773
K29W,-0.031263170794718
K29V,-0.020676144842772
K29T,-0.015049472621128
K29S,0.002169685295763
K29R,-0.009033324073395
K29Q,0.008864289395437
K29Y,0.023881652692984
K29A,0.020551164147746
K29L,-0.010561127861307
K29I,-0.016730043174767
K29H,0.004394594317457
K29G,-0.013324293397177
K29F,-0.011310012985046
K29C,0.014977078880905
K29M,-0.017687164410142
K29N,0.019519346220949
I30R,-0.500083054076824
I30F,-0.099563709492615
I30T,-0.274967835491536
I30S,-0.3661085840711049
I30P,-0.133894571780773
I30M,-0.009933201247005
I30L,0.026796123437893
I30C,-0.102928832312799
I30A,-0.5806209593603829
I30V,0.011623332008635
I30Y,-0.167810253617841
Q31N,0.043642758888811
Q31D,0.045907277730294
Q31E,0.029415352884395
Q31F,-0.0474316151433709
Q31G,0.017542795641747
Q31H,0.0304578994440449
Q31A,-0.030250965469289
Q31I,-0.121673155364902
Q31K,-0.005568390069449
Q31Y,-0.024813890948862
Q31W,-0.019692248403926
Q31V,-0.004558128222998
Q31T,-0.016517454945156
Q31L,0.022440641306739
Q31R,0.00267917902886
Q31P,-0.940858056725444
Q31M,0.002714913218537
Q31S,-0.028764289141011
Q31C,-0.023264319294729
D32H,-0.119056687378141
D32Q,-0.093286721319249
D32P,-0.715155066552213
D32N,-0.095589493332189
D32M,-0.107326244228401
D32L,-0.205895499960972
D32K,-0.197593132284204
D32I,-0.232026860593564
D32A,-0.068055206934603
D32R,-0.26785217218334
D32V,-0.173416125448812
D32T,-0.120657432485187
D32S,-0.0898543272577269
D32G,-0.119965539359275
D32F,-0.205084806344257
D32E,0.014596797364471
D32C,-0.125280482550926
D32Y,-0.1735412212401429
K33G,-0.062784467661777
K33I,-0.028506407909797
K33L,-0.067823377521179
K33M,-0.068589152831334
K33N,-0.0648878275723609
K33P,-0.9651935628969928
K33Q,-0.059610536899552
K33R,-0.101605882021483
K33S,-0.035274441454071
K33T,-0.028724904958425
K33V,-0.022164219684177
K33W,-0.114572386138637
K33Y,-0.08370550080407
K33F,-0.108907718326778
K33E,-0.098604475524793
K33H,-0.036634983533248
K33C,-0.043695601091308
K33A,-0.028808521482886
K33D,-0.0884008048014919
E34T,-0.1391285518918859
E34G,0.0062545802291969
E34F,-0.885311144120621
E34D,-4.19666542482711e-05
E34K,-0.177760773199018
E34L,-0.496314193315929
E34M,-0.086474678745021
E34N,-0.034832584534092
E34Q,-0.027005069680503
E34C,-0.090802202482302
E34A,0.001310014955424
E34R,-0.5947765181703941
E34S,-0.000491115049016
E34I,-0.305433816659847
E34P,-0.7968053740150891
E34H,-0.066014449302287
E34V,-0.07975280306645
E34Y,-0.667669383382704
G35Y,-0.235397156158122
G35W,-0.363562636895745
G35A,-0.015220380243741
G35V,-0.146378764612548
G35T,-0.2190835836341139
G35S,-0.07441887969163
G35Q,-0.100302143997769
G35P,-0.477023434064288
G35R,-0.164723022638787
G35M,-0.132498141985472
G35L,-0.204442917431869
G35K,-0.160722597568909
G35I,-0.177318785192642
G35H,-0.128206646720784
G35F,-0.189885554135922
G35E,-0.1878168034224489
G35D,-0.340862929818484
G35N,-0.0569528554785359
G35C,-0.083277248785616
I36R,-0.9243774210035208
I36W,-0.672821601537352
I36Y,-1.03019388918854
I36V,0.011577473035696
I36T,-0.188409367605037
I36S,-0.6308917356593909
I36P,-0.624800731261129
I36M,0.004921699250691
I36L,0.009952754891534
I36H,-0.490805853988028
I36G,-0.8132830886982091
I36C,-0.163894565647966
I36Q,-0.208540043949675
I36A,-0.7283780358598
P37N,0.017554062700474
P37H,-0.001240731418068
P37I,-0.008140686807384
P37K,0.05323376935439
P37L,0.003380969150461
P37M,0.008273049450666
P37G,0.019931186446046
P37R,-0.009271749624084
P37S,0.03319141122331
P37T,0.017159276425848
P37V,-0.005297563879408
P37W,-0.1516368545005759
P37Y,-0.11452631007391
P37D,0.014991240219025
P37E,0.006514982564343
P37Q,0.0262252683853929
P37F,-0.111058469028407
P37A,0.029414328950439
P37C,0.004478626562191
P38Q,0.033786941160569
P38Y,0.014866424127152
P38W,0.011661685268906
P38V,0.034878467618032
P38T,0.031608200788087
P38S,0.025992107414252
P38R,0.027820922765744
P38N,0.010609953611108
P38M,0.034404945570066
P38L,0.046357980678011
P38K,0.032259708733765
P38I,0.034027079235699
P38H,0.036465869808897
P38F,0.014754980054822
P38E,0.044809268891882
P38G,0.024149543659734
P38C,0.02158191526132
P38A,0.02451989627265
P38D,0.025189703954604
D39E,0.02889189859769
D39F,-0.093465834269107
D39G,-0.009223438081524
D39H,-0.026688369118685
D39Y,-0.0899083997843099
D39W,-0.143669583400252
D39V,-0.025730328015361
D39R,-0.168228960767256
D39P,-0.004142492685711
D39N,-0.0170374294187089
D39M,-0.038741422121374
D39L,-0.018723835567465
D39K,-0.091657035685972
D39I,-0.048278542362572
D39C,-0.025177851133136
D39S,0.001921488508015
D39A,-0.003950422236633
D39Q,-0.00135309647184
Q40V,-0.08479566837273
Q40D,-0.295114576581327
Q40E,-0.125833287354663
Q40F,-0.211616681512384
Q40G,-0.071653919120545
Q40H,-0.029645680482061
Q40I,-0.143572055191561
Q40C,-0.180804864908951
Q40L,-0.181542797690087
Q40Y,-0.243436020222254
Q40T,-0.006045180489266
Q40S,-0.0483878525482459
Q40R,-0.228612047177615
Q40P,-0.695514082472783
Q40N,-0.036418773639936
Q40K,-0.181085569037801
Q40A,-0.0399615768555639
Q40M,-0.164341343442525
Q41M,-0.04367901669884
Q41S,-0.001794137814246
Q41T,-0.213743459158575
Q41V,-0.193148267457386
Q41Y,-0.6687638170477199
Q41N,-0.219662542690151
Q41P,-1.12391100516488
Q41A,0.015681812396665
Q41C,-0.007345080655941
Q41D,-0.58695642858031
Q41E,-0.7308278569784179
Q41F,-0.458932742134245
Q41G,-0.152854987712161
Q41H,-0.579931217857066
Q41I,-0.088554479568163
Q41L,-0.081228940636279
Q41R,-0.849452536483228
R42S,-0.742438359336376
R42A,-0.430681767183614
R42H,-0.5815580237372929
R42C,-0.373017783879375
R42G,-0.73070572664508
R42F,-0.8218636499281099
R42W,-1.0818098062223298
R42V,-0.487183406191081
R42Y,-0.526366383353635
R42E,-0.908630171171511
R42Q,-0.6659545004189951
R42P,-1.21961973855781
R42I,-0.763432682189683
R42N,-0.54438460706386
R42L,-0.962871203348123
R42D,-0.67658651628822
R42T,-0.849816329871698
L43C,-0.181498036385187
L43Y,-0.302555073821572
L43W,-0.848949544436076
L43V,-0.031924666045005
L43R,-0.938990146618211
L43M,0.013791013928234
L43I,-0.009067112942346
L43A,-0.876632514150635
L43F,-0.131570200591456
I44A,-0.8412586885910942
I44C,-0.240584099333056
I44D,-0.7027286952278959
I44E,-1.06505941994368
I44F,-0.915671357338547
I44G,-0.8881268500357992
I44K,-0.973481857576791
I44L,-0.023207650509182
I44H,-1.08138738869525
I44Y,-1.23843190009604
I44W,-0.789269374711888
I44T,-0.916375050305598
I44V,-0.056713638892476
I44R,-0.8809434869658029
I44Q,-0.99816927264456
I44N,-0.8768953570670308
I44M,-0.310103471300541
I44S,-0.911949916535332
F45A,0.011673862980576
F45C,-0.004360506132707
F45D,-0.93293622111615
F45E,-0.9394789652064428
F45G,-0.0752902059561859
F45H,-0.01291998764245
F45I,-0.052552860393139
F45K,-0.6656275772195961
F45M,-0.072371658810755
F45N,-0.038594626861672
F45Q,-0.096061559400747
F45S,-0.003974345785419
F45T,-0.051139030425797
F45V,-0.04576681098655
F45W,-0.023685912979314
F45Y,-0.001182855627402
F45L,-0.136443701799995
F45R,-0.154550420525708
A46C,-0.039466758397725
A46L,-0.610210262889681
A46S,-0.014060984519637
A46R,-0.4594534490949741
A46Q,-0.452379467631316
A46P,-0.707985695291255
A46N,-0.1498249484366159
A46M,-0.328947150453646
A46W,-0.145391859564746
A46K,-1.07429938760582
A46I,-0.230860061389501
A46H,-0.1250867972980369
A46G,-0.042366889413812
A46F,-0.461021597094304
A46E,-0.7041939012730161
A46D,-0.510495361552544
A46Y,-0.4060381630868461
A46T,-0.050016410072492
A46V,-0.23644176102208
G47A,-0.213253400952581
G47E,-0.575616399712521
G47Q,-0.580865954711189
G47S,-0.224521357526632
K48N,-0.7867128734233659
K48P,-0.922007586605102
K48Y,-0.92362128371825
K48V,-0.921665922330788
K48T,-1.01044000939361
K48S,-0.888370248440253
K48R,-0.92809366037037
K48Q,-0.940600287473998
K48W,-1.44218190524099
K48M,-0.919009883777114
K48L,-1.01120014814758
K48I,-0.951504976000193
K48H,-1.06766024137185
K48G,-0.8537285108461999
K48F,-1.52026236494851
K48E,-1.08092016729548
K48D,-0.898916061210924
K48C,-0.970242773833803
K48A,-0.9358729514796
Q49A,-0.075318494652043
Q49C,-0.292794201756738
Q49G,-0.043423321670297
Q49S,-0.0737730836714909
Q49K,-0.362926291898988
Q49L,-0.9073498233557958
Q49M,-0.72760767361434
Q49N,-0.096730599081038
Q49P,-0.8797296417350692
Q49T,-0.584078310955747
Q49H,-0.182589637754355
L50M,-5.51668568642341e-06
L50I,-0.05022534845864
L50C,-0.583723681163653
L50A,-0.6803135200775721
L50V,-0.039313184397535
L50T,-0.381648193145646
E51Q,0.027518181361741
E51Y,-0.162646093735348
E51W,-0.221243926212306
E51V,-0.010861625024579
E51C,-0.057612562924787
E51D,0.059179954476061
E51F,-0.071943812896457
E51G,-0.016714109013033
E51H,-0.036180559742168
E51I,-0.026602847653275
E51K,-0.3815565973901741
E51L,-0.047281809663434
E51M,-0.034823976200935
E51T,-0.042514760087426
E51P,-0.135306155889473
E51S,-0.061663194884588
E51N,0.012504719193179
E51R,-0.492504368171255
E51A,-0.057149401485835
D52R,0.014406471460316
D52W,-0.085389129139431
D52V,0.021347563590182
D52T,0.036294584939856
D52S,0.022218309314891
D52Q,0.025096920703706
D52P,0.031905416429671
D52N,0.016237206393456
D52M,0.016241882823097
D52L,0.0327931615831
D52K,0.011101690119538
D52I,-0.007122615910783
D52H,0.026087290573067
D52G,0.042818706749265
D52F,-0.055749941898931
D52E,0.032061882143137
D52C,0.011181878931356
D52A,0.035453706586121
D52Y,-0.033968799739014
G53T,0.0423817929807529
G53C,0.041977928550021
G53A,0.04732537511908
G53W,0.0086819254317149
G53V,0.038602877391243
G53Y,0.0078522266674259
G53S,0.042204754461591
G53D,0.050168700324826
G53R,0.051727111950993
G53I,0.03346878365416
G53K,0.064919961306982
G53L,0.032759700214169
G53M,0.04224589551378
G53N,0.055412132732782
G53P,0.035432167229338
G53Q,0.056358905289509
G53H,0.0419652632306989
G53F,0.034227226051566
G53E,0.058195730101121
R54C,-0.021058606919193
R54G,0.00468592513405
R54A,0.005555176660351
R54D,-0.09420489347244
R54L,0.003863446979858
R54V,0.024015333409278
R54T,0.00325561480333
R54S,-0.005569876260283
R54Q,-0.009485433514078
R54P,0.014350727673476
R54N,-0.008818967935503
R54M,-0.001032060951373
R54Y,0.002090987921546
R54K,-0.020281077710968
R54I,0.020259985325252
R54E,-0.083290662791457
R54H,-0.022203842429612
R54F,-0.006832452681398
T55C,0.010692887003569
T55D,-0.034042100129764
T55A,0.031471225007132
T55Y,-0.007607062432513
T55P,0.000328488341155
T55G,-0.026573503219931
T55H,0.026053220767367
T55I,0.001802156912071
T55K,0.009516518816244
T55L,-0.010642089902247
T55M,-0.007152068506265
T55N,0.007210065450371
T55Q,9.16224201443275e-05
T55R,0.028130312010835
T55S,0.0211342031568
T55V,0.003027198188259
T55W,-0.105262817385322
T55F,-0.009971211617094
T55E,0.002862978479596
L56F,-0.027502436943355
L56I,-0.003894212226499
L56W,-0.665995355901478
L56V,0.007172737015537
L56T,-0.308947128801262
L56P,-0.565153906498449
L56M,-0.0164123999313069
L56A,-0.3996932052741821
L56C,-0.0332910821085679
S57C,-0.003762647710562
S57Y,-0.009635702596508
S57W,-0.065431605302641
S57V,-0.007589522554954
S57T,0.024189179375075
S57R,0.024056555034727
S57Q,0.028868293101268
S57P,-0.076159951388494
S57L,0.016624154498457
S57A,0.005195573399826
S57M,0.011361313133401
S57D,-0.00654650912632
S57E,0.018052080814905
S57F,0.003127727870278
S57G,0.009559276752732
S57H,0.024611275217866
S57I,0.009916689207603
S57K,0.008679608030939
S57N,-0.004632334028545
D58M,-0.5035770645411529
D58A,0.004070480089
D58C,0.025028467684687
D58E,-0.07003177420757
D58F,-0.58942214229971
D58G,-0.078978585482704
D58H,-0.455270732309199
D58I,-0.312269352673139
D58Y,-0.226944838132943
D58W,-0.137253687376993
D58V,-0.201671544342552
D58T,-0.049243878338324
D58S,-0.109992150818183
D58K,-0.098951513781477
D58Q,-0.125742887926171
D58N,-0.04842420106446
D58L,-0.349173672021431
D58R,-0.2320675860992089
Y59W,-0.025169489904065
Y59A,-0.376297710566663
Y59C,-0.0347152387087799
Y59E,-0.629371241641736
Y59F,0.015426358612222
Y59H,0.021689211470162
Y59I,-0.5800325786577671
Y59L,-0.236645264702961
Y59M,-0.102740445579274
Y59N,-0.06432054513952
Y59P,-0.870923067656285
Y59Q,-0.216174430188335
Y59S,-0.118280251788216
Y59T,-1.24493882460127
Y59V,-0.289230795297616
N60F,-0.1682659663042219
N60G,-0.031447512718067
N60C,-0.0346028084524929
N60A,-0.006125150243432
N60D,-0.015838038563225
N60E,-0.431075248736505
N60Y,-0.243649378019076
N60T,-0.0547682514326609
N60S,-0.010592593992481
N60R,-0.027642239508903
N60V,-0.047763371195343
N60P,-0.275580676151103
N60M,-0.10462209036439
N60L,-0.153125976993384
N60K,-0.041940121310646
N60I,-0.187155105392674
N60H,0.023190840694926
N60Q,-0.075471608220989
I61K,-0.52061927857301
I61D,-0.6962706957152571
I61E,-0.32156305323683
I61F,-0.152186880115992
I61G,-0.412247694584885
I61S,-0.603133328249432
I61L,-0.00596424411156
I61H,-0.5248854850000619
I61P,-0.7848030265962141
I61Q,-0.64045621741098
I61W,-0.5758522680634761
I61V,0.014680979157323
I61T,-0.5717729917688189
I61C,-0.022305661898257
I61M,-0.007423799436098
I61A,-0.242754346996807
I61R,-0.5039127889879971
Q62T,0.030923482964232
Q62A,0.012704698959612
Q62Y,0.014892990982711
Q62W,-0.059838620590366
Q62S,0.023281701608702
Q62C,-0.000553772658701
Q62D,0.003414496891098
Q62E,0.015094662325145
Q62F,-0.014412180793938
Q62G,0.00769368587779
Q62I,0.046659819726903
Q62H,0.0311605704866089
Q62L,0.018190230290297
Q62M,0.006149008430689
Q62N,0.027714524475837
Q62P,-0.018005061231774
Q62R,-0.002949293242143
Q62V,0.0446277999469259
Q62K,0.01457750339724
K63C,-0.035059864392157
K63A,-0.047526933797588
K63Y,-0.063916539443715
K63D,-0.063940615646905
K63E,-0.059950349040296
K63W,-0.083277121190315
K63V,-0.050180503543719
K63G,-0.047009958894892
K63F,-0.0678599768593399
K63I,-0.050465613551172
K63L,-0.027475812443955
K63T,-0.034870287166714
K63S,-0.049595689748299
K63R,-0.060441162986938
K63Q,-0.037353773743471
K63M,-0.024873950675004
K63P,-0.0448480826397669
K63N,-0.022731043868816
K63H,-0.029453821014894
E64Y,-0.052637232643158
E64W,-0.059089935461474
E64V,-0.056913845372977
E64T,-0.002172342856783
E64S,-0.013630336437233
E64Q,0.058468891752178
E64P,-0.223838205692542
E64N,0.035377795564256
E64M,0.040114296155896
E64L,0.003625761608113
E64K,-0.458626397792485
E64I,-0.130508533410551
E64H,0.029566838917586
E64F,-0.029885952979
E64D,-0.108781983874021
E64C,0.006551992115312
E64A,0.018089779423316
E64R,-0.292728291805341
E64G,-0.00382665306816
S65M,-1.88730146836917e-05
S65C,-0.0016280243407189
S65G,0.035068138818571
S65H,0.02967076717806
S65I,-0.08452188817826
S65K,-0.191134447574602
S65L,-0.1693491822080799
S65D,-0.08639988861716
S65N,0.044642186238535
S65P,-0.6226357017552969
S65Q,0.024025015028727
S65R,-0.052543439801672
S65F,-0.019050884404161
S65T,0.02257281348048
S65W,-0.194076095579332
S65Y,-0.0377444100077879
S65A,0.029728426727698
S65V,-0.04065968855574
S65E,-0.2390550012136
T66N,0.009761942154602
T66I,-0.3436939390190399
T66A,-0.266305334081064
T66C,-0.025726265803827
T66D,-0.050672129811492
T66E,-0.3160797069612709
T66F,-0.513167993543584
T66M,-0.1532482297264689
T66Y,-0.401493284581114
T66L,-0.122664244651122
T66P,-0.380102525247935
T66Q,-0.173331471637037
T66R,-0.3619464144127609
T66S,0.025207684174967
T66G,-0.104422215842826
T66V,-0.179427471499166
T66H,-0.116661056629152
T66W,-0.497820825188734
L67I,0.019406936662491
L67A,-0.3536975380064989
L67C,0.005816312893493
L67D,-0.610660627870204
L67E,-0.4203162705406529
L67Y,-0.5215767780751089
L67V,0.026502825399287
L67H,-0.628675654328803
L67T,-0.158572385813679
L67R,-0.662270933952222
L67Q,-0.749760400741395
L67P,-0.399270760748711
L67F,-0.021955473138352
L67G,-0.460486214501937
L67M,0.019198846706286
L67K,-0.7301526560876171
L67S,-0.70487199048744
L67N,-0.5370820580007879
H68V,-0.3044245852848989
H68A,-0.208975980281301
H68W,-0.7032567754166751
H68C,-0.238142958400106
H68D,-0.95051151090504
H68E,-0.70605948670012
H68F,-0.260870915004911
H68G,-0.64848696860657
H68I,-0.6145885136663101
H68Y,-0.47089709716864
H68M,-0.521707640229833
H68N,-0.1716970004312009
H68P,-0.9041731310321428
H68Q,-0.2427055018220549
H68S,-0.240368014718504
H68T,-0.499297353937585
H68L,-1.2016015044848798
L69W,-0.5090727503533761
L69V,-0.0893640470621549
L69T,-0.7378327358878559
L69A,-0.4906264420390399
L69C,-0.149601017477415
L69D,-0.954724521231771
L69H,-0.473044043369681
L69F,-0.066887620056297
L69G,-0.865327870167323
L69I,-0.065835744883704
L69K,-1.15129930718148
L69M,-0.007281596571094
L69Y,-0.467842520082057
L69E,-1.00648348935795
L69N,-0.612582141527371
L69Q,-0.8990286362941959
L69S,-0.7602488182609279
L69R,-0.9111180877356252
V70T,-0.478736064774821
V70S,-0.989752999037535
V70R,-0.899682282997063
V70Q,-0.964895925934256
V70P,-1.03342253130934
V70N,-0.970901835003561
V70M,-0.7614855109611659
V70L,-0.253668608027966
V70K,-1.0151925961432
V70I,-0.077016559491532
V70G,-0.9324966821573
V70E,-0.972473383634852
V70D,-0.919528618294875
V70C,-0.091688352861961
V70A,-0.6281951507017121
L71Y,-0.974448664567778
L71C,-1.0122893235565602
L71F,-0.4199309597361529
L71H,-0.8143573372002791
L71I,-0.7955140065514269
L71K,-1.01568473264667
L71M,-0.060019580444929
L71P,-0.965137524450706
L71R,-0.859409396802153
L71Q,-0.882691382912042
R72A,-0.4550909696853751
R72I,-0.983439479076448
R72G,-0.465159964655637
R72K,-0.445799861268441
R72Y,-1.02033002693126
R72H,-0.493888457791837
R72W,-1.01150634322153
R72V,-0.913830939097968
R72T,-0.413041058264786
R72F,-0.811901262914296
R72S,-0.324066163181699
R72P,-0.9710239848782108
R72N,-0.5516736355337679
R72M,-0.649817093734331
R72L,-0.922117089936131
R72E,-0.949727112743356
R72D,-0.8204700805474
R72C,-0.5488123416270221
R72Q,-0.453939288533835
L73V,-0.505453973903389
L73C,-0.583695966736104
L73M,-0.6718842973237829
L73I,-0.4046381061749649
L73F,-0.8140994856103249
L73A,-0.9407162543219192
L73T,-1.07408510506601
R74T,-0.9326816737411092
R74A,-0.8846497388028599
R74E,-0.909444024174172
R74K,-0.147590057032686
R74S,-0.821745104095149
G75D,-0.7842853613717149
G75E,-0.987451876722655
G75F,-0.8492641819293
G75H,-0.878358937492016
G75K,-0.897309411758488
G75L,-0.951541739724573
G75M,-0.948946408679336
G75N,-0.820908194258986
G75P,-0.939458255734536
G75Q,-0.8395613440227909
G75R,-0.8911704502150231
G75V,-1.00144284976991
G75Y,-0.87602635699006
G75A,-0.963297343615239
G75I,-0.982151599988148
G76P,-0.8850974302284961
G76T,-0.914631953552301
G76S,-0.6821858563456109
G76C,-0.848827738843254
G76E,-0.9264940216072528
G76H,-1.08261667785757
G76R,-0.975859180120836
G76D,-0.822838855141131
